IsoDatetime,v1,v2,v3,i1,i2,i3,p,q,pf
2022-08-12T00:00:00,nan,nan,nan,0.0,0.0,0.0,nan,nan,nan
2022-08-12T00:00:30,nan,nan,nan,0.0,0.0,0.0,nan,nan,nan
2022-08-12T00:01:00,nan,nan,nan,0.0,0.0,0.0,nan,nan,nan
2022-08-12T00:01:30,nan,nan,nan,0.0,0.0,0.0,nan,nan,nan
2022-08-12T00:02:00,nan,nan,nan,0.0,0.0,0.0,nan,nan,nan
2022-08-12T00:02:30,nan,nan,nan,0.0,0.0,0.0,nan,nan,nan
2022-08-12T00:03:00,nan,nan,nan,0.0,0.0,0.0,nan,nan,nan
2022-08-12T00:03:30,nan,nan,nan,0.0,0.0,0.0,nan,nan,nan
2022-08-12T00:04:00,nan,nan,nan,0.0,0.0,0.0,nan,nan,nan
2022-08-12T00:04:30,nan,nan,nan,0.0,0.0,0.0,nan,nan,nan
2022-08-12T00:05:00,nan,nan,nan,0.0,0.0,0.0,nan,nan,nan
2022-08-12T00:05:30,nan,nan,nan,0.0,0.0,0.0,nan,nan,nan
2022-08-12T00:06:00,nan,nan,nan,0.0,0.0,0.0,nan,nan,nan
2022-08-12T00:06:30,nan,nan,nan,0.0,0.0,0.0,nan,nan,nan
2022-08-12T00:07:00,nan,nan,nan,0.0,0.0,0.0,nan,nan,nan
2022-08-12T00:07:30,nan,nan,nan,0.0,0.0,0.0,nan,nan,nan
2022-08-12T00:08:00,nan,nan,nan,0.0,0.0,0.0,nan,nan,nan
2022-08-12T00:08:30,nan,nan,nan,0.0,0.0,0.0,nan,nan,nan
2022-08-12T00:09:00,nan,nan,nan,0.0,0.0,0.0,nan,nan,nan
2022-08-12T00:09:30,nan,nan,nan,0.0,0.0,0.0,nan,nan,nan
2022-08-12T00:10:00,nan,nan,nan,0.0,0.0,0.0,nan,nan,nan
2022-08-12T00:10:30,nan,nan,nan,0.0,0.0,0.0,nan,nan,nan
2022-08-12T00:11:00,nan,nan,nan,0.0,0.0,0.0,nan,nan,nan
2022-08-12T00:11:30,nan,nan,nan,0.0,0.0,0.0,nan,nan,nan
2022-08-12T00:12:00,nan,nan,nan,0.0,0.0,0.0,nan,nan,nan
2022-08-12T00:12:30,nan,nan,nan,0.0,0.0,0.0,nan,nan,nan
2022-08-12T00:13:00,nan,nan,nan,0.0,0.0,0.0,nan,nan,nan
2022-08-12T00:13:30,nan,nan,nan,0.0,0.0,0.0,nan,nan,nan
2022-08-12T00:14:00,nan,nan,nan,0.0,0.0,0.0,nan,nan,nan
2022-08-12T00:14:30,nan,nan,nan,0.0,0.0,0.0,nan,nan,nan
2022-08-12T00:15:00,nan,nan,nan,0.0,0.0,0.0,nan,nan,nan
2022-08-12T00:15:30,nan,nan,nan,0.0,0.0,0.0,nan,nan,nan
2022-08-12T00:16:00,nan,nan,nan,0.0,0.0,0.0,nan,nan,nan
2022-08-12T00:16:30,nan,nan,nan,0.0,0.0,0.0,nan,nan,nan
2022-08-12T00:17:00,nan,nan,nan,0.0,0.0,0.0,nan,nan,nan
2022-08-12T00:17:30,nan,nan,nan,0.0,0.0,0.0,nan,nan,nan
2022-08-12T00:18:00,nan,nan,nan,0.0,0.0,0.0,nan,nan,nan
2022-08-12T00:18:30,nan,nan,nan,0.0,0.0,0.0,nan,nan,nan
2022-08-12T00:19:00,nan,nan,nan,0.0,0.0,0.0,nan,nan,nan
2022-08-12T00:19:30,nan,nan,nan,0.0,0.0,0.0,nan,nan,nan
2022-08-12T00:20:00,nan,nan,nan,0.0,0.0,0.0,nan,nan,nan
2022-08-12T00:20:30,nan,nan,nan,0.0,0.0,0.0,nan,nan,nan
2022-08-12T00:21:00,nan,nan,nan,0.0,0.0,0.0,nan,nan,nan
2022-08-12T00:21:30,nan,nan,nan,0.0,0.0,0.0,nan,nan,nan
2022-08-12T00:22:00,nan,nan,nan,0.0,0.0,0.0,nan,nan,nan
2022-08-12T00:22:30,nan,nan,nan,0.0,0.0,0.0,nan,nan,nan
2022-08-12T00:23:00,nan,nan,nan,0.0,0.0,0.0,nan,nan,nan
2022-08-12T00:23:30,nan,nan,nan,0.0,0.0,0.0,nan,nan,nan
2022-08-12T00:24:00,nan,nan,nan,0.0,0.0,0.0,nan,nan,nan
2022-08-12T00:24:30,nan,nan,nan,0.0,0.0,0.0,nan,nan,nan
2022-08-12T00:25:00,nan,nan,nan,0.0,0.0,0.0,nan,nan,nan
2022-08-12T00:25:30,nan,nan,nan,0.0,0.0,0.0,nan,nan,nan
2022-08-12T00:26:00,nan,nan,nan,0.0,0.0,0.0,nan,nan,nan
2022-08-12T00:26:30,nan,nan,nan,0.0,0.0,0.0,nan,nan,nan
2022-08-12T00:27:00,nan,nan,nan,0.0,0.0,0.0,nan,nan,nan
2022-08-12T00:27:30,nan,nan,nan,0.0,0.0,0.0,nan,nan,nan
2022-08-12T00:28:00,nan,nan,nan,0.0,0.0,0.0,nan,nan,nan
2022-08-12T00:28:30,nan,nan,nan,0.0,0.0,0.0,nan,nan,nan
2022-08-12T00:29:00,nan,nan,nan,0.0,0.0,0.0,nan,nan,nan
2022-08-12T00:29:30,nan,nan,nan,0.0,0.0,0.0,nan,nan,nan
2022-08-12T00:30:00,nan,nan,nan,0.0,0.0,0.0,nan,nan,nan
2022-08-12T00:30:30,nan,nan,nan,0.0,0.0,0.0,nan,nan,nan
2022-08-12T00:31:00,nan,nan,nan,0.0,0.0,0.0,nan,nan,nan
2022-08-12T00:31:30,nan,nan,nan,0.0,0.0,0.0,nan,nan,nan
2022-08-12T00:32:00,nan,nan,nan,0.0,0.0,0.0,nan,nan,nan
2022-08-12T00:32:30,nan,nan,nan,0.0,0.0,0.0,nan,nan,nan
2022-08-12T00:33:00,nan,nan,nan,0.0,0.0,0.0,nan,nan,nan
2022-08-12T00:33:30,nan,nan,nan,0.0,0.0,0.0,nan,nan,nan
2022-08-12T00:34:00,nan,nan,nan,0.0,0.0,0.0,nan,nan,nan
2022-08-12T00:34:30,nan,nan,nan,0.0,0.0,0.0,nan,nan,nan
2022-08-12T00:35:00,nan,nan,nan,0.0,0.0,0.0,nan,nan,nan
2022-08-12T00:35:30,nan,nan,nan,0.0,0.0,0.0,nan,nan,nan
2022-08-12T00:36:00,nan,nan,nan,0.0,0.0,0.0,nan,nan,nan
2022-08-12T00:36:30,nan,nan,nan,0.0,0.0,0.0,nan,nan,nan
2022-08-12T00:37:00,nan,nan,nan,0.0,0.0,0.0,nan,nan,nan
2022-08-12T00:37:30,nan,nan,nan,0.0,0.0,0.0,nan,nan,nan
2022-08-12T00:38:00,nan,nan,nan,0.0,0.0,0.0,nan,nan,nan
2022-08-12T00:38:30,nan,nan,nan,0.0,0.0,0.0,nan,nan,nan
2022-08-12T00:39:00,nan,nan,nan,0.0,0.0,0.0,nan,nan,nan
2022-08-12T00:39:30,nan,nan,nan,0.0,0.0,0.0,nan,nan,nan
2022-08-12T00:40:00,nan,nan,nan,0.0,0.0,0.0,nan,nan,nan
2022-08-12T00:40:30,nan,nan,nan,0.0,0.0,0.0,nan,nan,nan
2022-08-12T00:41:00,nan,nan,nan,0.0,0.0,0.0,nan,nan,nan
2022-08-12T00:41:30,nan,nan,nan,0.0,0.0,0.0,nan,nan,nan
2022-08-12T00:42:00,nan,nan,nan,0.0,0.0,0.0,nan,nan,nan
2022-08-12T00:42:30,nan,nan,nan,0.0,0.0,0.0,nan,nan,nan
2022-08-12T00:43:00,nan,nan,nan,0.0,0.0,0.0,nan,nan,nan
2022-08-12T00:43:30,nan,nan,nan,0.0,0.0,0.0,nan,nan,nan
2022-08-12T00:44:00,nan,nan,nan,0.0,0.0,0.0,nan,nan,nan
2022-08-12T00:44:30,nan,nan,nan,0.0,0.0,0.0,nan,nan,nan
2022-08-12T00:45:00,nan,nan,nan,0.0,0.0,0.0,nan,nan,nan
2022-08-12T00:45:30,nan,nan,nan,0.0,0.0,0.0,nan,nan,nan
2022-08-12T00:46:00,nan,nan,nan,0.0,0.0,0.0,nan,nan,nan
2022-08-12T00:46:30,nan,nan,nan,0.0,0.0,0.0,nan,nan,nan
2022-08-12T00:47:00,nan,nan,nan,0.0,0.0,0.0,nan,nan,nan
2022-08-12T00:47:30,nan,nan,nan,0.0,0.0,0.0,nan,nan,nan
2022-08-12T00:48:00,nan,nan,nan,0.0,0.0,0.0,nan,nan,nan
2022-08-12T00:48:30,nan,nan,nan,0.0,0.0,0.0,nan,nan,nan
2022-08-12T00:49:00,nan,nan,nan,0.0,0.0,0.0,nan,nan,nan
2022-08-12T00:49:30,nan,nan,nan,0.0,0.0,0.0,nan,nan,nan
2022-08-12T00:50:00,nan,nan,nan,0.0,0.0,0.0,nan,nan,nan
2022-08-12T00:50:30,nan,nan,nan,0.0,0.0,0.0,nan,nan,nan
2022-08-12T00:51:00,nan,nan,nan,0.0,0.0,0.0,nan,nan,nan
2022-08-12T00:51:30,nan,nan,nan,0.0,0.0,0.0,nan,nan,nan
2022-08-12T00:52:00,nan,nan,nan,0.0,0.0,0.0,nan,nan,nan
2022-08-12T00:52:30,nan,nan,nan,0.0,0.0,0.0,nan,nan,nan
2022-08-12T00:53:00,nan,nan,nan,0.0,0.0,0.0,nan,nan,nan
2022-08-12T00:53:30,nan,nan,nan,0.0,0.0,0.0,nan,nan,nan
2022-08-12T00:54:00,nan,nan,nan,0.0,0.0,0.0,nan,nan,nan
2022-08-12T00:54:30,nan,nan,nan,0.0,0.0,0.0,nan,nan,nan
2022-08-12T00:55:00,nan,nan,nan,0.0,0.0,0.0,nan,nan,nan
2022-08-12T00:55:30,nan,nan,nan,0.0,0.0,0.0,nan,nan,nan
2022-08-12T00:56:00,nan,nan,nan,0.0,0.0,0.0,nan,nan,nan
2022-08-12T00:56:30,nan,nan,nan,0.0,0.0,0.0,nan,nan,nan
2022-08-12T00:57:00,nan,nan,nan,0.0,0.0,0.0,nan,nan,nan
2022-08-12T00:57:30,nan,nan,nan,0.0,0.0,0.0,nan,nan,nan
2022-08-12T00:58:00,nan,nan,nan,0.0,0.0,0.0,nan,nan,nan
2022-08-12T00:58:30,nan,nan,nan,0.0,0.0,0.0,nan,nan,nan
2022-08-12T00:59:00,nan,nan,nan,0.0,0.0,0.0,nan,nan,nan
2022-08-12T00:59:30,nan,nan,nan,0.0,0.0,0.0,nan,nan,nan
2022-08-12T01:00:00,nan,nan,nan,0.0,0.0,0.0,nan,nan,nan
2022-08-12T01:00:30,nan,nan,nan,0.0,0.0,0.0,nan,nan,nan
2022-08-12T01:01:00,nan,nan,nan,0.0,0.0,0.0,nan,nan,nan
2022-08-12T01:01:30,nan,nan,nan,0.0,0.0,0.0,nan,nan,nan
2022-08-12T01:02:00,nan,nan,nan,0.0,0.0,0.0,nan,nan,nan
2022-08-12T01:02:30,nan,nan,nan,0.0,0.0,0.0,nan,nan,nan
2022-08-12T01:03:00,nan,nan,nan,0.0,0.0,0.0,nan,nan,nan
2022-08-12T01:03:30,nan,nan,nan,0.0,0.0,0.0,nan,nan,nan
2022-08-12T01:04:00,nan,nan,nan,0.0,0.0,0.0,nan,nan,nan
2022-08-12T01:04:30,nan,nan,nan,0.0,0.0,0.0,nan,nan,nan
2022-08-12T01:05:00,nan,nan,nan,0.0,0.0,0.0,nan,nan,nan
2022-08-12T01:05:30,nan,nan,nan,0.0,0.0,0.0,nan,nan,nan
2022-08-12T01:06:00,nan,nan,nan,0.0,0.0,0.0,nan,nan,nan
2022-08-12T01:06:30,nan,nan,nan,0.0,0.0,0.0,nan,nan,nan
2022-08-12T01:07:00,nan,nan,nan,0.0,0.0,0.0,nan,nan,nan
2022-08-12T01:07:30,nan,nan,nan,0.0,0.0,0.0,nan,nan,nan
2022-08-12T01:08:00,nan,nan,nan,0.0,0.0,0.0,nan,nan,nan
2022-08-12T01:08:30,nan,nan,nan,0.0,0.0,0.0,nan,nan,nan
2022-08-12T01:09:00,nan,nan,nan,0.0,0.0,0.0,nan,nan,nan
2022-08-12T01:09:30,nan,nan,nan,0.0,0.0,0.0,nan,nan,nan
2022-08-12T01:10:00,nan,nan,nan,0.0,0.0,0.0,nan,nan,nan
2022-08-12T01:10:30,nan,nan,nan,0.0,0.0,0.0,nan,nan,nan
2022-08-12T01:11:00,nan,nan,nan,0.0,0.0,0.0,nan,nan,nan
2022-08-12T01:11:30,nan,nan,nan,0.0,0.0,0.0,nan,nan,nan
2022-08-12T01:12:00,nan,nan,nan,0.0,0.0,0.0,nan,nan,nan
2022-08-12T01:12:30,nan,nan,nan,0.0,0.0,0.0,nan,nan,nan
2022-08-12T01:13:00,nan,nan,nan,0.0,0.0,0.0,nan,nan,nan
2022-08-12T01:13:30,nan,nan,nan,0.0,0.0,0.0,nan,nan,nan
2022-08-12T01:14:00,nan,nan,nan,0.0,0.0,0.0,nan,nan,nan
2022-08-12T01:14:30,nan,nan,nan,0.0,0.0,0.0,nan,nan,nan
2022-08-12T01:15:00,nan,nan,nan,0.0,0.0,0.0,nan,nan,nan
2022-08-12T01:15:30,nan,nan,nan,0.0,0.0,0.0,nan,nan,nan
2022-08-12T01:16:00,nan,nan,nan,0.0,0.0,0.0,nan,nan,nan
2022-08-12T01:16:30,nan,nan,nan,0.0,0.0,0.0,nan,nan,nan
2022-08-12T01:17:00,nan,nan,nan,0.0,0.0,0.0,nan,nan,nan
2022-08-12T01:17:30,nan,nan,nan,0.0,0.0,0.0,nan,nan,nan
2022-08-12T01:18:00,nan,nan,nan,0.0,0.0,0.0,nan,nan,nan
2022-08-12T01:18:30,nan,nan,nan,0.0,0.0,0.0,nan,nan,nan
2022-08-12T01:19:00,nan,nan,nan,0.0,0.0,0.0,nan,nan,nan
2022-08-12T01:19:30,nan,nan,nan,0.0,0.0,0.0,nan,nan,nan
2022-08-12T01:20:00,nan,nan,nan,0.0,0.0,0.0,nan,nan,nan
2022-08-12T01:20:30,nan,nan,nan,0.0,0.0,0.0,nan,nan,nan
2022-08-12T01:21:00,nan,nan,nan,0.0,0.0,0.0,nan,nan,nan
2022-08-12T01:21:30,nan,nan,nan,0.0,0.0,0.0,nan,nan,nan
2022-08-12T01:22:00,nan,nan,nan,0.0,0.0,0.0,nan,nan,nan
2022-08-12T01:22:30,nan,nan,nan,0.0,0.0,0.0,nan,nan,nan
2022-08-12T01:23:00,nan,nan,nan,0.0,0.0,0.0,nan,nan,nan
2022-08-12T01:23:30,nan,nan,nan,0.0,0.0,0.0,nan,nan,nan
2022-08-12T01:24:00,nan,nan,nan,0.0,0.0,0.0,nan,nan,nan
2022-08-12T01:24:30,nan,nan,nan,0.0,0.0,0.0,nan,nan,nan
2022-08-12T01:25:00,nan,nan,nan,0.0,0.0,0.0,nan,nan,nan
2022-08-12T01:25:30,nan,nan,nan,0.0,0.0,0.0,nan,nan,nan
2022-08-12T01:26:00,nan,nan,nan,0.0,0.0,0.0,nan,nan,nan
2022-08-12T01:26:30,nan,nan,nan,0.0,0.0,0.0,nan,nan,nan
2022-08-12T01:27:00,nan,nan,nan,0.0,0.0,0.0,nan,nan,nan
2022-08-12T01:27:30,nan,nan,nan,0.0,0.0,0.0,nan,nan,nan
2022-08-12T01:28:00,nan,nan,nan,0.0,0.0,0.0,nan,nan,nan
2022-08-12T01:28:30,nan,nan,nan,0.0,0.0,0.0,nan,nan,nan
2022-08-12T01:29:00,nan,nan,nan,0.0,0.0,0.0,nan,nan,nan
2022-08-12T01:29:30,nan,nan,nan,0.0,0.0,0.0,nan,nan,nan
2022-08-12T01:30:00,nan,nan,nan,0.0,0.0,0.0,nan,nan,nan
2022-08-12T01:30:30,nan,nan,nan,0.0,0.0,0.0,nan,nan,nan
2022-08-12T01:31:00,nan,nan,nan,0.0,0.0,0.0,nan,nan,nan
2022-08-12T01:31:30,nan,nan,nan,0.0,0.0,0.0,nan,nan,nan
2022-08-12T01:32:00,nan,nan,nan,0.0,0.0,0.0,nan,nan,nan
2022-08-12T01:32:30,nan,nan,nan,0.0,0.0,0.0,nan,nan,nan
2022-08-12T01:33:00,nan,nan,nan,0.0,0.0,0.0,nan,nan,nan
2022-08-12T01:33:30,nan,nan,nan,0.0,0.0,0.0,nan,nan,nan
2022-08-12T01:34:00,nan,nan,nan,0.0,0.0,0.0,nan,nan,nan
2022-08-12T01:34:30,nan,nan,nan,0.0,0.0,0.0,nan,nan,nan
2022-08-12T01:35:00,nan,nan,nan,0.0,0.0,0.0,nan,nan,nan
2022-08-12T01:35:30,nan,nan,nan,0.0,0.0,0.0,nan,nan,nan
2022-08-12T01:36:00,nan,nan,nan,0.0,0.0,0.0,nan,nan,nan
2022-08-12T01:36:30,nan,nan,nan,0.0,0.0,0.0,nan,nan,nan
2022-08-12T01:37:00,nan,nan,nan,0.0,0.0,0.0,nan,nan,nan
2022-08-12T01:37:30,nan,nan,nan,0.0,0.0,0.0,nan,nan,nan
2022-08-12T01:38:00,nan,nan,nan,0.0,0.0,0.0,nan,nan,nan
2022-08-12T01:38:30,nan,nan,nan,0.0,0.0,0.0,nan,nan,nan
2022-08-12T01:39:00,nan,nan,nan,0.0,0.0,0.0,nan,nan,nan
2022-08-12T01:39:30,nan,nan,nan,0.0,0.0,0.0,nan,nan,nan
2022-08-12T01:40:00,nan,nan,nan,0.0,0.0,0.0,nan,nan,nan
2022-08-12T01:40:30,nan,nan,nan,0.0,0.0,0.0,nan,nan,nan
2022-08-12T01:41:00,nan,nan,nan,0.0,0.0,0.0,nan,nan,nan
2022-08-12T01:41:30,nan,nan,nan,0.0,0.0,0.0,nan,nan,nan
2022-08-12T01:42:00,nan,nan,nan,0.0,0.0,0.0,nan,nan,nan
2022-08-12T01:42:30,nan,nan,nan,0.0,0.0,0.0,nan,nan,nan
2022-08-12T01:43:00,nan,nan,nan,0.0,0.0,0.0,nan,nan,nan
2022-08-12T01:43:30,nan,nan,nan,0.0,0.0,0.0,nan,nan,nan
2022-08-12T01:44:00,nan,nan,nan,0.0,0.0,0.0,nan,nan,nan
2022-08-12T01:44:30,nan,nan,nan,0.0,0.0,0.0,nan,nan,nan
2022-08-12T01:45:00,nan,nan,nan,0.0,0.0,0.0,nan,nan,nan
2022-08-12T01:45:30,nan,nan,nan,0.0,0.0,0.0,nan,nan,nan
2022-08-12T01:46:00,nan,nan,nan,0.0,0.0,0.0,nan,nan,nan
2022-08-12T01:46:30,nan,nan,nan,0.0,0.0,0.0,nan,nan,nan
2022-08-12T01:47:00,nan,nan,nan,0.0,0.0,0.0,nan,nan,nan
2022-08-12T01:47:30,nan,nan,nan,0.0,0.0,0.0,nan,nan,nan
2022-08-12T01:48:00,nan,nan,nan,0.0,0.0,0.0,nan,nan,nan
2022-08-12T01:48:30,nan,nan,nan,0.0,0.0,0.0,nan,nan,nan
2022-08-12T01:49:00,nan,nan,nan,0.0,0.0,0.0,nan,nan,nan
2022-08-12T01:49:30,nan,nan,nan,0.0,0.0,0.0,nan,nan,nan
2022-08-12T01:50:00,nan,nan,nan,0.0,0.0,0.0,nan,nan,nan
2022-08-12T01:50:30,nan,nan,nan,0.0,0.0,0.0,nan,nan,nan
2022-08-12T01:51:00,nan,nan,nan,0.0,0.0,0.0,nan,nan,nan
2022-08-12T01:51:30,nan,nan,nan,0.0,0.0,0.0,nan,nan,nan
2022-08-12T01:52:00,nan,nan,nan,0.0,0.0,0.0,nan,nan,nan
2022-08-12T01:52:30,nan,nan,nan,0.0,0.0,0.0,nan,nan,nan
2022-08-12T01:53:00,nan,nan,nan,0.0,0.0,0.0,nan,nan,nan
2022-08-12T01:53:30,nan,nan,nan,0.0,0.0,0.0,nan,nan,nan
2022-08-12T01:54:00,nan,nan,nan,0.0,0.0,0.0,nan,nan,nan
2022-08-12T01:54:30,nan,nan,nan,0.0,0.0,0.0,nan,nan,nan
2022-08-12T01:55:00,nan,nan,nan,0.0,0.0,0.0,nan,nan,nan
2022-08-12T01:55:30,nan,nan,nan,0.0,0.0,0.0,nan,nan,nan
2022-08-12T01:56:00,nan,nan,nan,0.0,0.0,0.0,nan,nan,nan
2022-08-12T01:56:30,nan,nan,nan,0.0,0.0,0.0,nan,nan,nan
2022-08-12T01:57:00,nan,nan,nan,0.0,0.0,0.0,nan,nan,nan
2022-08-12T01:57:30,nan,nan,nan,0.0,0.0,0.0,nan,nan,nan
2022-08-12T01:58:00,nan,nan,nan,0.0,0.0,0.0,nan,nan,nan
2022-08-12T01:58:30,nan,nan,nan,0.0,0.0,0.0,nan,nan,nan
2022-08-12T01:59:00,nan,nan,nan,0.0,0.0,0.0,nan,nan,nan
2022-08-12T01:59:30,nan,nan,nan,0.0,0.0,0.0,nan,nan,nan
2022-08-12T02:00:00,nan,nan,nan,0.0,0.0,0.0,nan,nan,nan
2022-08-12T02:00:30,nan,nan,nan,0.0,0.0,0.0,nan,nan,nan
2022-08-12T02:01:00,nan,nan,nan,0.0,0.0,0.0,nan,nan,nan
2022-08-12T02:01:30,nan,nan,nan,0.0,0.0,0.0,nan,nan,nan
2022-08-12T02:02:00,nan,nan,nan,0.0,0.0,0.0,nan,nan,nan
2022-08-12T02:02:30,nan,nan,nan,0.0,0.0,0.0,nan,nan,nan
2022-08-12T02:03:00,nan,nan,nan,0.0,0.0,0.0,nan,nan,nan
2022-08-12T02:03:30,nan,nan,nan,0.0,0.0,0.0,nan,nan,nan
2022-08-12T02:04:00,nan,nan,nan,0.0,0.0,0.0,nan,nan,nan
2022-08-12T02:04:30,nan,nan,nan,0.0,0.0,0.0,nan,nan,nan
2022-08-12T02:05:00,nan,nan,nan,0.0,0.0,0.0,nan,nan,nan
2022-08-12T02:05:30,nan,nan,nan,0.0,0.0,0.0,nan,nan,nan
2022-08-12T02:06:00,nan,nan,nan,0.0,0.0,0.0,nan,nan,nan
2022-08-12T02:06:30,nan,nan,nan,0.0,0.0,0.0,nan,nan,nan
2022-08-12T02:07:00,nan,nan,nan,0.0,0.0,0.0,nan,nan,nan
2022-08-12T02:07:30,nan,nan,nan,0.0,0.0,0.0,nan,nan,nan
2022-08-12T02:08:00,nan,nan,nan,0.0,0.0,0.0,nan,nan,nan
2022-08-12T02:08:30,nan,nan,nan,0.0,0.0,0.0,nan,nan,nan
2022-08-12T02:09:00,nan,nan,nan,0.0,0.0,0.0,nan,nan,nan
2022-08-12T02:09:30,nan,nan,nan,0.0,0.0,0.0,nan,nan,nan
2022-08-12T02:10:00,nan,nan,nan,0.0,0.0,0.0,nan,nan,nan
2022-08-12T02:10:30,nan,nan,nan,0.0,0.0,0.0,nan,nan,nan
2022-08-12T02:11:00,nan,nan,nan,0.0,0.0,0.0,nan,nan,nan
2022-08-12T02:11:30,nan,nan,nan,0.0,0.0,0.0,nan,nan,nan
2022-08-12T02:12:00,nan,nan,nan,0.0,0.0,0.0,nan,nan,nan
2022-08-12T02:12:30,nan,nan,nan,0.0,0.0,0.0,nan,nan,nan
2022-08-12T02:13:00,nan,nan,nan,0.0,0.0,0.0,nan,nan,nan
2022-08-12T02:13:30,nan,nan,nan,0.0,0.0,0.0,nan,nan,nan
2022-08-12T02:14:00,nan,nan,nan,0.0,0.0,0.0,nan,nan,nan
2022-08-12T02:14:30,nan,nan,nan,0.0,0.0,0.0,nan,nan,nan
2022-08-12T02:15:00,nan,nan,nan,0.0,0.0,0.0,nan,nan,nan
2022-08-12T02:15:30,nan,nan,nan,0.0,0.0,0.0,nan,nan,nan
2022-08-12T02:16:00,nan,nan,nan,0.0,0.0,0.0,nan,nan,nan
2022-08-12T02:16:30,nan,nan,nan,0.0,0.0,0.0,nan,nan,nan
2022-08-12T02:17:00,nan,nan,nan,0.0,0.0,0.0,nan,nan,nan
2022-08-12T02:17:30,nan,nan,nan,0.0,0.0,0.0,nan,nan,nan
2022-08-12T02:18:00,nan,nan,nan,0.0,0.0,0.0,nan,nan,nan
2022-08-12T02:18:30,nan,nan,nan,0.0,0.0,0.0,nan,nan,nan
2022-08-12T02:19:00,nan,nan,nan,0.0,0.0,0.0,nan,nan,nan
2022-08-12T02:19:30,nan,nan,nan,0.0,0.0,0.0,nan,nan,nan
2022-08-12T02:20:00,nan,nan,nan,0.0,0.0,0.0,nan,nan,nan
2022-08-12T02:20:30,nan,nan,nan,0.0,0.0,0.0,nan,nan,nan
2022-08-12T02:21:00,nan,nan,nan,0.0,0.0,0.0,nan,nan,nan
2022-08-12T02:21:30,nan,nan,nan,0.0,0.0,0.0,nan,nan,nan
2022-08-12T02:22:00,nan,nan,nan,0.0,0.0,0.0,nan,nan,nan
2022-08-12T02:22:30,nan,nan,nan,0.0,0.0,0.0,nan,nan,nan
2022-08-12T02:23:00,nan,nan,nan,0.0,0.0,0.0,nan,nan,nan
2022-08-12T02:23:30,nan,nan,nan,0.0,0.0,0.0,nan,nan,nan
2022-08-12T02:24:00,nan,nan,nan,0.0,0.0,0.0,nan,nan,nan
2022-08-12T02:24:30,nan,nan,nan,0.0,0.0,0.0,nan,nan,nan
2022-08-12T02:25:00,nan,nan,nan,0.0,0.0,0.0,nan,nan,nan
2022-08-12T02:25:30,nan,nan,nan,0.0,0.0,0.0,nan,nan,nan
2022-08-12T02:26:00,nan,nan,nan,0.0,0.0,0.0,nan,nan,nan
2022-08-12T02:26:30,nan,nan,nan,0.0,0.0,0.0,nan,nan,nan
2022-08-12T02:27:00,nan,nan,nan,0.0,0.0,0.0,nan,nan,nan
2022-08-12T02:27:30,nan,nan,nan,0.0,0.0,0.0,nan,nan,nan
2022-08-12T02:28:00,nan,nan,nan,0.0,0.0,0.0,nan,nan,nan
2022-08-12T02:28:30,nan,nan,nan,0.0,0.0,0.0,nan,nan,nan
2022-08-12T02:29:00,nan,nan,nan,0.0,0.0,0.0,nan,nan,nan
2022-08-12T02:29:30,nan,nan,nan,0.0,0.0,0.0,nan,nan,nan
2022-08-12T02:30:00,nan,nan,nan,0.0,0.0,0.0,nan,nan,nan
2022-08-12T02:30:30,nan,nan,nan,0.0,0.0,0.0,nan,nan,nan
2022-08-12T02:31:00,nan,nan,nan,0.0,0.0,0.0,nan,nan,nan
2022-08-12T02:31:30,nan,nan,nan,0.0,0.0,0.0,nan,nan,nan
2022-08-12T02:32:00,nan,nan,nan,0.0,0.0,0.0,nan,nan,nan
2022-08-12T02:32:30,nan,nan,nan,0.0,0.0,0.0,nan,nan,nan
2022-08-12T02:33:00,nan,nan,nan,0.0,0.0,0.0,nan,nan,nan
2022-08-12T02:33:30,nan,nan,nan,0.0,0.0,0.0,nan,nan,nan
2022-08-12T02:34:00,nan,nan,nan,0.0,0.0,0.0,nan,nan,nan
2022-08-12T02:34:30,nan,nan,nan,0.0,0.0,0.0,nan,nan,nan
2022-08-12T02:35:00,nan,nan,nan,0.0,0.0,0.0,nan,nan,nan
2022-08-12T02:35:30,nan,nan,nan,0.0,0.0,0.0,nan,nan,nan
2022-08-12T02:36:00,nan,nan,nan,0.0,0.0,0.0,nan,nan,nan
2022-08-12T02:36:30,nan,nan,nan,0.0,0.0,0.0,nan,nan,nan
2022-08-12T02:37:00,nan,nan,nan,0.0,0.0,0.0,nan,nan,nan
2022-08-12T02:37:30,nan,nan,nan,0.0,0.0,0.0,nan,nan,nan
2022-08-12T02:38:00,nan,nan,nan,0.0,0.0,0.0,nan,nan,nan
2022-08-12T02:38:30,nan,nan,nan,0.0,0.0,0.0,nan,nan,nan
2022-08-12T02:39:00,nan,nan,nan,0.0,0.0,0.0,nan,nan,nan
2022-08-12T02:39:30,nan,nan,nan,0.0,0.0,0.0,nan,nan,nan
2022-08-12T02:40:00,nan,nan,nan,0.0,0.0,0.0,nan,nan,nan
2022-08-12T02:40:30,nan,nan,nan,0.0,0.0,0.0,nan,nan,nan
2022-08-12T02:41:00,nan,nan,nan,0.0,0.0,0.0,nan,nan,nan
2022-08-12T02:41:30,nan,nan,nan,0.0,0.0,0.0,nan,nan,nan
2022-08-12T02:42:00,nan,nan,nan,0.0,0.0,0.0,nan,nan,nan
2022-08-12T02:42:30,nan,nan,nan,0.0,0.0,0.0,nan,nan,nan
2022-08-12T02:43:00,nan,nan,nan,0.0,0.0,0.0,nan,nan,nan
2022-08-12T02:43:30,nan,nan,nan,0.0,0.0,0.0,nan,nan,nan
2022-08-12T02:44:00,nan,nan,nan,0.0,0.0,0.0,nan,nan,nan
2022-08-12T02:44:30,nan,nan,nan,0.0,0.0,0.0,nan,nan,nan
2022-08-12T02:45:00,nan,nan,nan,0.0,0.0,0.0,nan,nan,nan
2022-08-12T02:45:30,nan,nan,nan,0.0,0.0,0.0,nan,nan,nan
2022-08-12T02:46:00,nan,nan,nan,0.0,0.0,0.0,nan,nan,nan
2022-08-12T02:46:30,nan,nan,nan,0.0,0.0,0.0,nan,nan,nan
2022-08-12T02:47:00,nan,nan,nan,0.0,0.0,0.0,nan,nan,nan
2022-08-12T02:47:30,nan,nan,nan,0.0,0.0,0.0,nan,nan,nan
2022-08-12T02:48:00,nan,nan,nan,0.0,0.0,0.0,nan,nan,nan
2022-08-12T02:48:30,nan,nan,nan,0.0,0.0,0.0,nan,nan,nan
2022-08-12T02:49:00,nan,nan,nan,0.0,0.0,0.0,nan,nan,nan
2022-08-12T02:49:30,nan,nan,nan,0.0,0.0,0.0,nan,nan,nan
2022-08-12T02:50:00,nan,nan,nan,0.0,0.0,0.0,nan,nan,nan
2022-08-12T02:50:30,nan,nan,nan,0.0,0.0,0.0,nan,nan,nan
2022-08-12T02:51:00,nan,nan,nan,0.0,0.0,0.0,nan,nan,nan
2022-08-12T02:51:30,nan,nan,nan,0.0,0.0,0.0,nan,nan,nan
2022-08-12T02:52:00,nan,nan,nan,0.0,0.0,0.0,nan,nan,nan
2022-08-12T02:52:30,nan,nan,nan,0.0,0.0,0.0,nan,nan,nan
2022-08-12T02:53:00,nan,nan,nan,0.0,0.0,0.0,nan,nan,nan
2022-08-12T02:53:30,nan,nan,nan,0.0,0.0,0.0,nan,nan,nan
2022-08-12T02:54:00,nan,nan,nan,0.0,0.0,0.0,nan,nan,nan
2022-08-12T02:54:30,nan,nan,nan,0.0,0.0,0.0,nan,nan,nan
2022-08-12T02:55:00,nan,nan,nan,0.0,0.0,0.0,nan,nan,nan
2022-08-12T02:55:30,nan,nan,nan,0.0,0.0,0.0,nan,nan,nan
2022-08-12T02:56:00,nan,nan,nan,0.0,0.0,0.0,nan,nan,nan
2022-08-12T02:56:30,nan,nan,nan,0.0,0.0,0.0,nan,nan,nan
2022-08-12T02:57:00,nan,nan,nan,0.0,0.0,0.0,nan,nan,nan
2022-08-12T02:57:30,nan,nan,nan,0.0,0.0,0.0,nan,nan,nan
2022-08-12T02:58:00,nan,nan,nan,0.0,0.0,0.0,nan,nan,nan
2022-08-12T02:58:30,nan,nan,nan,0.0,0.0,0.0,nan,nan,nan
2022-08-12T02:59:00,nan,nan,nan,0.0,0.0,0.0,nan,nan,nan
2022-08-12T02:59:30,nan,nan,nan,0.0,0.0,0.0,nan,nan,nan
2022-08-12T03:00:00,nan,nan,nan,0.0,0.0,0.0,nan,nan,nan
2022-08-12T03:00:30,nan,nan,nan,0.0,0.0,0.0,nan,nan,nan
2022-08-12T03:01:00,nan,nan,nan,0.0,0.0,0.0,nan,nan,nan
2022-08-12T03:01:30,nan,nan,nan,0.0,0.0,0.0,nan,nan,nan
2022-08-12T03:02:00,nan,nan,nan,0.0,0.0,0.0,nan,nan,nan
2022-08-12T03:02:30,nan,nan,nan,0.0,0.0,0.0,nan,nan,nan
2022-08-12T03:03:00,nan,nan,nan,0.0,0.0,0.0,nan,nan,nan
2022-08-12T03:03:30,nan,nan,nan,0.0,0.0,0.0,nan,nan,nan
2022-08-12T03:04:00,nan,nan,nan,0.0,0.0,0.0,nan,nan,nan
2022-08-12T03:04:30,nan,nan,nan,0.0,0.0,0.0,nan,nan,nan
2022-08-12T03:05:00,nan,nan,nan,0.0,0.0,0.0,nan,nan,nan
2022-08-12T03:05:30,nan,nan,nan,0.0,0.0,0.0,nan,nan,nan
2022-08-12T03:06:00,nan,nan,nan,0.0,0.0,0.0,nan,nan,nan
2022-08-12T03:06:30,nan,nan,nan,0.0,0.0,0.0,nan,nan,nan
2022-08-12T03:07:00,nan,nan,nan,0.0,0.0,0.0,nan,nan,nan
2022-08-12T03:07:30,nan,nan,nan,0.0,0.0,0.0,nan,nan,nan
2022-08-12T03:08:00,nan,nan,nan,0.0,0.0,0.0,nan,nan,nan
2022-08-12T03:08:30,nan,nan,nan,0.0,0.0,0.0,nan,nan,nan
2022-08-12T03:09:00,nan,nan,nan,0.0,0.0,0.0,nan,nan,nan
2022-08-12T03:09:30,nan,nan,nan,0.0,0.0,0.0,nan,nan,nan
2022-08-12T03:10:00,nan,nan,nan,0.0,0.0,0.0,nan,nan,nan
2022-08-12T03:10:30,nan,nan,nan,0.0,0.0,0.0,nan,nan,nan
2022-08-12T03:11:00,nan,nan,nan,0.0,0.0,0.0,nan,nan,nan
2022-08-12T03:11:30,nan,nan,nan,0.0,0.0,0.0,nan,nan,nan
2022-08-12T03:12:00,nan,nan,nan,0.0,0.0,0.0,nan,nan,nan
2022-08-12T03:12:30,nan,nan,nan,0.0,0.0,0.0,nan,nan,nan
2022-08-12T03:13:00,nan,nan,nan,0.0,0.0,0.0,nan,nan,nan
2022-08-12T03:13:30,nan,nan,nan,0.0,0.0,0.0,nan,nan,nan
2022-08-12T03:14:00,nan,nan,nan,0.0,0.0,0.0,nan,nan,nan
2022-08-12T03:14:30,nan,nan,nan,0.0,0.0,0.0,nan,nan,nan
2022-08-12T03:15:00,nan,nan,nan,0.0,0.0,0.0,nan,nan,nan
2022-08-12T03:15:30,nan,nan,nan,0.0,0.0,0.0,nan,nan,nan
2022-08-12T03:16:00,nan,nan,nan,0.0,0.0,0.0,nan,nan,nan
2022-08-12T03:16:30,nan,nan,nan,0.0,0.0,0.0,nan,nan,nan
2022-08-12T03:17:00,nan,nan,nan,0.0,0.0,0.0,nan,nan,nan
2022-08-12T03:17:30,nan,nan,nan,0.0,0.0,0.0,nan,nan,nan
2022-08-12T03:18:00,nan,nan,nan,0.0,0.0,0.0,nan,nan,nan
2022-08-12T03:18:30,nan,nan,nan,0.0,0.0,0.0,nan,nan,nan
2022-08-12T03:19:00,nan,nan,nan,0.0,0.0,0.0,nan,nan,nan
2022-08-12T03:19:30,nan,nan,nan,0.0,0.0,0.0,nan,nan,nan
2022-08-12T03:20:00,nan,nan,nan,0.0,0.0,0.0,nan,nan,nan
2022-08-12T03:20:30,nan,nan,nan,0.0,0.0,0.0,nan,nan,nan
2022-08-12T03:21:00,nan,nan,nan,0.0,0.0,0.0,nan,nan,nan
2022-08-12T03:21:30,nan,nan,nan,0.0,0.0,0.0,nan,nan,nan
2022-08-12T03:22:00,nan,nan,nan,0.0,0.0,0.0,nan,nan,nan
2022-08-12T03:22:30,nan,nan,nan,0.0,0.0,0.0,nan,nan,nan
2022-08-12T03:23:00,nan,nan,nan,0.0,0.0,0.0,nan,nan,nan
2022-08-12T03:23:30,nan,nan,nan,0.0,0.0,0.0,nan,nan,nan
2022-08-12T03:24:00,nan,nan,nan,0.0,0.0,0.0,nan,nan,nan
2022-08-12T03:24:30,nan,nan,nan,0.0,0.0,0.0,nan,nan,nan
2022-08-12T03:25:00,nan,nan,nan,0.0,0.0,0.0,nan,nan,nan
2022-08-12T03:25:30,nan,nan,nan,0.0,0.0,0.0,nan,nan,nan
2022-08-12T03:26:00,nan,nan,nan,0.0,0.0,0.0,nan,nan,nan
2022-08-12T03:26:30,nan,nan,nan,0.0,0.0,0.0,nan,nan,nan
2022-08-12T03:27:00,nan,nan,nan,0.0,0.0,0.0,nan,nan,nan
2022-08-12T03:27:30,nan,nan,nan,0.0,0.0,0.0,nan,nan,nan
2022-08-12T03:28:00,nan,nan,nan,0.0,0.0,0.0,nan,nan,nan
2022-08-12T03:28:30,nan,nan,nan,0.0,0.0,0.0,nan,nan,nan
2022-08-12T03:29:00,nan,nan,nan,0.0,0.0,0.0,nan,nan,nan
2022-08-12T03:29:30,nan,nan,nan,0.0,0.0,0.0,nan,nan,nan
2022-08-12T03:30:00,nan,nan,nan,0.0,0.0,0.0,nan,nan,nan
2022-08-12T03:30:30,nan,nan,nan,0.0,0.0,0.0,nan,nan,nan
2022-08-12T03:31:00,nan,nan,nan,0.0,0.0,0.0,nan,nan,nan
2022-08-12T03:31:30,nan,nan,nan,0.0,0.0,0.0,nan,nan,nan
2022-08-12T03:32:00,nan,nan,nan,0.0,0.0,0.0,nan,nan,nan
2022-08-12T03:32:30,nan,nan,nan,0.0,0.0,0.0,nan,nan,nan
2022-08-12T03:33:00,nan,nan,nan,0.0,0.0,0.0,nan,nan,nan
2022-08-12T03:33:30,nan,nan,nan,0.0,0.0,0.0,nan,nan,nan
2022-08-12T03:34:00,nan,nan,nan,0.0,0.0,0.0,nan,nan,nan
2022-08-12T03:34:30,nan,nan,nan,0.0,0.0,0.0,nan,nan,nan
2022-08-12T03:35:00,nan,nan,nan,0.0,0.0,0.0,nan,nan,nan
2022-08-12T03:35:30,nan,nan,nan,0.0,0.0,0.0,nan,nan,nan
2022-08-12T03:36:00,nan,nan,nan,0.0,0.0,0.0,nan,nan,nan
2022-08-12T03:36:30,nan,nan,nan,0.0,0.0,0.0,nan,nan,nan
2022-08-12T03:37:00,nan,nan,nan,0.0,0.0,0.0,nan,nan,nan
2022-08-12T03:37:30,nan,nan,nan,0.0,0.0,0.0,nan,nan,nan
2022-08-12T03:38:00,nan,nan,nan,0.0,0.0,0.0,nan,nan,nan
2022-08-12T03:38:30,nan,nan,nan,0.0,0.0,0.0,nan,nan,nan
2022-08-12T03:39:00,nan,nan,nan,0.0,0.0,0.0,nan,nan,nan
2022-08-12T03:39:30,nan,nan,nan,0.0,0.0,0.0,nan,nan,nan
2022-08-12T03:40:00,nan,nan,nan,0.0,0.0,0.0,nan,nan,nan
2022-08-12T03:40:30,nan,nan,nan,0.0,0.0,0.0,nan,nan,nan
2022-08-12T03:41:00,nan,nan,nan,0.0,0.0,0.0,nan,nan,nan
2022-08-12T03:41:30,nan,nan,nan,0.0,0.0,0.0,nan,nan,nan
2022-08-12T03:42:00,nan,nan,nan,0.0,0.0,0.0,nan,nan,nan
2022-08-12T03:42:30,nan,nan,nan,0.0,0.0,0.0,nan,nan,nan
2022-08-12T03:43:00,nan,nan,nan,0.0,0.0,0.0,nan,nan,nan
2022-08-12T03:43:30,nan,nan,nan,0.0,0.0,0.0,nan,nan,nan
2022-08-12T03:44:00,nan,nan,nan,0.0,0.0,0.0,nan,nan,nan
2022-08-12T03:44:30,nan,nan,nan,0.0,0.0,0.0,nan,nan,nan
2022-08-12T03:45:00,nan,nan,nan,0.0,0.0,0.0,nan,nan,nan
2022-08-12T03:45:30,nan,nan,nan,0.0,0.0,0.0,nan,nan,nan
2022-08-12T03:46:00,nan,nan,nan,0.0,0.0,0.0,nan,nan,nan
2022-08-12T03:46:30,nan,nan,nan,0.0,0.0,0.0,nan,nan,nan
2022-08-12T03:47:00,nan,nan,nan,0.0,0.0,0.0,nan,nan,nan
2022-08-12T03:47:30,nan,nan,nan,0.0,0.0,0.0,nan,nan,nan
2022-08-12T03:48:00,nan,nan,nan,0.0,0.0,0.0,nan,nan,nan
2022-08-12T03:48:30,nan,nan,nan,0.0,0.0,0.0,nan,nan,nan
2022-08-12T03:49:00,nan,nan,nan,0.0,0.0,0.0,nan,nan,nan
2022-08-12T03:49:30,nan,nan,nan,0.0,0.0,0.0,nan,nan,nan
2022-08-12T03:50:00,nan,nan,nan,0.0,0.0,0.0,nan,nan,nan
2022-08-12T03:50:30,nan,nan,nan,0.0,0.0,0.0,nan,nan,nan
2022-08-12T03:51:00,nan,nan,nan,0.0,0.0,0.0,nan,nan,nan
2022-08-12T03:51:30,nan,nan,nan,0.0,0.0,0.0,nan,nan,nan
2022-08-12T03:52:00,nan,nan,nan,0.0,0.0,0.0,nan,nan,nan
2022-08-12T03:52:30,nan,nan,nan,0.0,0.0,0.0,nan,nan,nan
2022-08-12T03:53:00,nan,nan,nan,0.0,0.0,0.0,nan,nan,nan
2022-08-12T03:53:30,nan,nan,nan,0.0,0.0,0.0,nan,nan,nan
2022-08-12T03:54:00,nan,nan,nan,0.0,0.0,0.0,nan,nan,nan
2022-08-12T03:54:30,nan,nan,nan,0.0,0.0,0.0,nan,nan,nan
2022-08-12T03:55:00,nan,nan,nan,0.0,0.0,0.0,nan,nan,nan
2022-08-12T03:55:30,nan,nan,nan,0.0,0.0,0.0,nan,nan,nan
2022-08-12T03:56:00,nan,nan,nan,0.0,0.0,0.0,nan,nan,nan
2022-08-12T03:56:30,nan,nan,nan,0.0,0.0,0.0,nan,nan,nan
2022-08-12T03:57:00,nan,nan,nan,0.0,0.0,0.0,nan,nan,nan
2022-08-12T03:57:30,nan,nan,nan,0.0,0.0,0.0,nan,nan,nan
2022-08-12T03:58:00,nan,nan,nan,0.0,0.0,0.0,nan,nan,nan
2022-08-12T03:58:30,nan,nan,nan,0.0,0.0,0.0,nan,nan,nan
2022-08-12T03:59:00,nan,nan,nan,0.0,0.0,0.0,nan,nan,nan
2022-08-12T03:59:30,nan,nan,nan,0.0,0.0,0.0,nan,nan,nan
2022-08-12T04:00:00,nan,nan,nan,0.0,0.0,0.0,nan,nan,nan
2022-08-12T04:00:30,nan,nan,nan,0.0,0.0,0.0,nan,nan,nan
2022-08-12T04:01:00,nan,nan,nan,0.0,0.0,0.0,nan,nan,nan
2022-08-12T04:01:30,nan,nan,nan,0.0,0.0,0.0,nan,nan,nan
2022-08-12T04:02:00,nan,nan,nan,0.0,0.0,0.0,nan,nan,nan
2022-08-12T04:02:30,nan,nan,nan,0.0,0.0,0.0,nan,nan,nan
2022-08-12T04:03:00,nan,nan,nan,0.0,0.0,0.0,nan,nan,nan
2022-08-12T04:03:30,nan,nan,nan,0.0,0.0,0.0,nan,nan,nan
2022-08-12T04:04:00,nan,nan,nan,0.0,0.0,0.0,nan,nan,nan
2022-08-12T04:04:30,nan,nan,nan,0.0,0.0,0.0,nan,nan,nan
2022-08-12T04:05:00,nan,nan,nan,0.0,0.0,0.0,nan,nan,nan
2022-08-12T04:05:30,nan,nan,nan,0.0,0.0,0.0,nan,nan,nan
2022-08-12T04:06:00,nan,nan,nan,0.0,0.0,0.0,nan,nan,nan
2022-08-12T04:06:30,nan,nan,nan,0.0,0.0,0.0,nan,nan,nan
2022-08-12T04:07:00,nan,nan,nan,0.0,0.0,0.0,nan,nan,nan
2022-08-12T04:07:30,nan,nan,nan,0.0,0.0,0.0,nan,nan,nan
2022-08-12T04:08:00,nan,nan,nan,0.0,0.0,0.0,nan,nan,nan
2022-08-12T04:08:30,nan,nan,nan,0.0,0.0,0.0,nan,nan,nan
2022-08-12T04:09:00,nan,nan,nan,0.0,0.0,0.0,nan,nan,nan
2022-08-12T04:09:30,nan,nan,nan,0.0,0.0,0.0,nan,nan,nan
2022-08-12T04:10:00,nan,nan,nan,0.0,0.0,0.0,nan,nan,nan
2022-08-12T04:10:30,nan,nan,nan,0.0,0.0,0.0,nan,nan,nan
2022-08-12T04:11:00,nan,nan,nan,0.0,0.0,0.0,nan,nan,nan
2022-08-12T04:11:30,nan,nan,nan,0.0,0.0,0.0,nan,nan,nan
2022-08-12T04:12:00,nan,nan,nan,0.0,0.0,0.0,nan,nan,nan
2022-08-12T04:12:30,nan,nan,nan,0.0,0.0,0.0,nan,nan,nan
2022-08-12T04:13:00,nan,nan,nan,0.0,0.0,0.0,nan,nan,nan
2022-08-12T04:13:30,nan,nan,nan,0.0,0.0,0.0,nan,nan,nan
2022-08-12T04:14:00,nan,nan,nan,0.0,0.0,0.0,nan,nan,nan
2022-08-12T04:14:30,nan,nan,nan,0.0,0.0,0.0,nan,nan,nan
2022-08-12T04:15:00,nan,nan,nan,0.0,0.0,0.0,nan,nan,nan
2022-08-12T04:15:30,nan,nan,nan,0.0,0.0,0.0,nan,nan,nan
2022-08-12T04:16:00,nan,nan,nan,0.0,0.0,0.0,nan,nan,nan
2022-08-12T04:16:30,nan,nan,nan,0.0,0.0,0.0,nan,nan,nan
2022-08-12T04:17:00,nan,nan,nan,0.0,0.0,0.0,nan,nan,nan
2022-08-12T04:17:30,nan,nan,nan,0.0,0.0,0.0,nan,nan,nan
2022-08-12T04:18:00,nan,nan,nan,0.0,0.0,0.0,nan,nan,nan
2022-08-12T04:18:30,nan,nan,nan,0.0,0.0,0.0,nan,nan,nan
2022-08-12T04:19:00,nan,nan,nan,0.0,0.0,0.0,nan,nan,nan
2022-08-12T04:19:30,nan,nan,nan,0.0,0.0,0.0,nan,nan,nan
2022-08-12T04:20:00,nan,nan,nan,0.0,0.0,0.0,nan,nan,nan
2022-08-12T04:20:30,nan,nan,nan,0.0,0.0,0.0,nan,nan,nan
2022-08-12T04:21:00,nan,nan,nan,0.0,0.0,0.0,nan,nan,nan
2022-08-12T04:21:30,nan,nan,nan,0.0,0.0,0.0,nan,nan,nan
2022-08-12T04:22:00,nan,nan,nan,0.0,0.0,0.0,nan,nan,nan
2022-08-12T04:22:30,nan,nan,nan,0.0,0.0,0.0,nan,nan,nan
2022-08-12T04:23:00,nan,nan,nan,0.0,0.0,0.0,nan,nan,nan
2022-08-12T04:23:30,nan,nan,nan,0.0,0.0,0.0,nan,nan,nan
2022-08-12T04:24:00,nan,nan,nan,0.0,0.0,0.0,nan,nan,nan
2022-08-12T04:24:30,nan,nan,nan,0.0,0.0,0.0,nan,nan,nan
2022-08-12T04:25:00,nan,nan,nan,0.0,0.0,0.0,nan,nan,nan
2022-08-12T04:25:30,nan,nan,nan,0.0,0.0,0.0,nan,nan,nan
2022-08-12T04:26:00,nan,nan,nan,0.0,0.0,0.0,nan,nan,nan
2022-08-12T04:26:30,nan,nan,nan,0.0,0.0,0.0,nan,nan,nan
2022-08-12T04:27:00,nan,nan,nan,0.0,0.0,0.0,nan,nan,nan
2022-08-12T04:27:30,nan,nan,nan,0.0,0.0,0.0,nan,nan,nan
2022-08-12T04:28:00,nan,nan,nan,0.0,0.0,0.0,nan,nan,nan
2022-08-12T04:28:30,nan,nan,nan,0.0,0.0,0.0,nan,nan,nan
2022-08-12T04:29:00,nan,nan,nan,0.0,0.0,0.0,nan,nan,nan
2022-08-12T04:29:30,nan,nan,nan,0.0,0.0,0.0,nan,nan,nan
2022-08-12T04:30:00,nan,nan,nan,0.0,0.0,0.0,nan,nan,nan
2022-08-12T04:30:30,nan,nan,nan,0.0,0.0,0.0,nan,nan,nan
2022-08-12T04:31:00,nan,nan,nan,0.0,0.0,0.0,nan,nan,nan
2022-08-12T04:31:30,nan,nan,nan,0.0,0.0,0.0,nan,nan,nan
2022-08-12T04:32:00,nan,nan,nan,0.0,0.0,0.0,nan,nan,nan
2022-08-12T04:32:30,nan,nan,nan,0.0,0.0,0.0,nan,nan,nan
2022-08-12T04:33:00,nan,nan,nan,0.0,0.0,0.0,nan,nan,nan
2022-08-12T04:33:30,nan,nan,nan,0.0,0.0,0.0,nan,nan,nan
2022-08-12T04:34:00,nan,nan,nan,0.0,0.0,0.0,nan,nan,nan
2022-08-12T04:34:30,nan,nan,nan,0.0,0.0,0.0,nan,nan,nan
2022-08-12T04:35:00,nan,nan,nan,0.0,0.0,0.0,nan,nan,nan
2022-08-12T04:35:30,nan,nan,nan,0.0,0.0,0.0,nan,nan,nan
2022-08-12T04:36:00,nan,nan,nan,0.0,0.0,0.0,nan,nan,nan
2022-08-12T04:36:30,nan,nan,nan,0.0,0.0,0.0,nan,nan,nan
2022-08-12T04:37:00,nan,nan,nan,0.0,0.0,0.0,nan,nan,nan
2022-08-12T04:37:30,nan,nan,nan,0.0,0.0,0.0,nan,nan,nan
2022-08-12T04:38:00,nan,nan,nan,0.0,0.0,0.0,nan,nan,nan
2022-08-12T04:38:30,nan,nan,nan,0.0,0.0,0.0,nan,nan,nan
2022-08-12T04:39:00,nan,nan,nan,0.0,0.0,0.0,nan,nan,nan
2022-08-12T04:39:30,nan,nan,nan,0.0,0.0,0.0,nan,nan,nan
2022-08-12T04:40:00,nan,nan,nan,0.0,0.0,0.0,nan,nan,nan
2022-08-12T04:40:30,nan,nan,nan,0.0,0.0,0.0,nan,nan,nan
2022-08-12T04:41:00,nan,nan,nan,0.0,0.0,0.0,nan,nan,nan
2022-08-12T04:41:30,nan,nan,nan,0.0,0.0,0.0,nan,nan,nan
2022-08-12T04:42:00,nan,nan,nan,0.0,0.0,0.0,nan,nan,nan
2022-08-12T04:42:30,nan,nan,nan,0.0,0.0,0.0,nan,nan,nan
2022-08-12T04:43:00,nan,nan,nan,0.0,0.0,0.0,nan,nan,nan
2022-08-12T04:43:30,nan,nan,nan,0.0,0.0,0.0,nan,nan,nan
2022-08-12T04:44:00,nan,nan,nan,0.0,0.0,0.0,nan,nan,nan
2022-08-12T04:44:30,nan,nan,nan,0.0,0.0,0.0,nan,nan,nan
2022-08-12T04:45:00,nan,nan,nan,0.0,0.0,0.0,nan,nan,nan
2022-08-12T04:45:30,nan,nan,nan,0.0,0.0,0.0,nan,nan,nan
2022-08-12T04:46:00,nan,nan,nan,0.0,0.0,0.0,nan,nan,nan
2022-08-12T04:46:30,nan,nan,nan,0.0,0.0,0.0,nan,nan,nan
2022-08-12T04:47:00,nan,nan,nan,0.0,0.0,0.0,nan,nan,nan
2022-08-12T04:47:30,nan,nan,nan,0.0,0.0,0.0,nan,nan,nan
2022-08-12T04:48:00,nan,nan,nan,0.0,0.0,0.0,nan,nan,nan
2022-08-12T04:48:30,nan,nan,nan,0.0,0.0,0.0,nan,nan,nan
2022-08-12T04:49:00,nan,nan,nan,0.0,0.0,0.0,nan,nan,nan
2022-08-12T04:49:30,nan,nan,nan,0.0,0.0,0.0,nan,nan,nan
2022-08-12T04:50:00,nan,nan,nan,0.0,0.0,0.0,nan,nan,nan
2022-08-12T04:50:30,nan,nan,nan,0.0,0.0,0.0,nan,nan,nan
2022-08-12T04:51:00,nan,nan,nan,0.0,0.0,0.0,nan,nan,nan
2022-08-12T04:51:30,nan,nan,nan,0.0,0.0,0.0,nan,nan,nan
2022-08-12T04:52:00,nan,nan,nan,0.0,0.0,0.0,nan,nan,nan
2022-08-12T04:52:30,nan,nan,nan,0.0,0.0,0.0,nan,nan,nan
2022-08-12T04:53:00,nan,nan,nan,0.0,0.0,0.0,nan,nan,nan
2022-08-12T04:53:30,nan,nan,nan,0.0,0.0,0.0,nan,nan,nan
2022-08-12T04:54:00,nan,nan,nan,0.0,0.0,0.0,nan,nan,nan
2022-08-12T04:54:30,nan,nan,nan,0.0,0.0,0.0,nan,nan,nan
2022-08-12T04:55:00,nan,nan,nan,0.0,0.0,0.0,nan,nan,nan
2022-08-12T04:55:30,nan,nan,nan,0.0,0.0,0.0,nan,nan,nan
2022-08-12T04:56:00,nan,nan,nan,0.0,0.0,0.0,nan,nan,nan
2022-08-12T04:56:30,nan,nan,nan,0.0,0.0,0.0,nan,nan,nan
2022-08-12T04:57:00,nan,nan,nan,0.0,0.0,0.0,nan,nan,nan
2022-08-12T04:57:30,nan,nan,nan,0.0,0.0,0.0,nan,nan,nan
2022-08-12T04:58:00,nan,nan,nan,0.0,0.0,0.0,nan,nan,nan
2022-08-12T04:58:30,nan,nan,nan,0.0,0.0,0.0,nan,nan,nan
2022-08-12T04:59:00,nan,nan,nan,0.0,0.0,0.0,nan,nan,nan
2022-08-12T04:59:30,nan,nan,nan,0.0,0.0,0.0,nan,nan,nan
2022-08-12T05:00:00,nan,nan,nan,0.0,0.0,0.0,nan,nan,nan
2022-08-12T05:00:30,nan,nan,nan,0.0,0.0,0.0,nan,nan,nan
2022-08-12T05:01:00,nan,nan,nan,0.0,0.0,0.0,nan,nan,nan
2022-08-12T05:01:30,nan,nan,nan,0.0,0.0,0.0,nan,nan,nan
2022-08-12T05:02:00,nan,nan,nan,0.0,0.0,0.0,nan,nan,nan
2022-08-12T05:02:30,nan,nan,nan,0.0,0.0,0.0,nan,nan,nan
2022-08-12T05:03:00,nan,nan,nan,0.0,0.0,0.0,nan,nan,nan
2022-08-12T05:03:30,nan,nan,nan,0.0,0.0,0.0,nan,nan,nan
2022-08-12T05:04:00,nan,nan,nan,0.0,0.0,0.0,nan,nan,nan
2022-08-12T05:04:30,nan,nan,nan,0.0,0.0,0.0,nan,nan,nan
2022-08-12T05:05:00,nan,nan,nan,0.0,0.0,0.0,nan,nan,nan
2022-08-12T05:05:30,nan,nan,nan,0.0,0.0,0.0,nan,nan,nan
2022-08-12T05:06:00,nan,nan,nan,0.0,0.0,0.0,nan,nan,nan
2022-08-12T05:06:30,nan,nan,nan,0.0,0.0,0.0,nan,nan,nan
2022-08-12T05:07:00,nan,nan,nan,0.0,0.0,0.0,nan,nan,nan
2022-08-12T05:07:30,nan,nan,nan,0.0,0.0,0.0,nan,nan,nan
2022-08-12T05:08:00,nan,nan,nan,0.0,0.0,0.0,nan,nan,nan
2022-08-12T05:08:30,nan,nan,nan,0.0,0.0,0.0,nan,nan,nan
2022-08-12T05:09:00,nan,nan,nan,0.0,0.0,0.0,nan,nan,nan
2022-08-12T05:09:30,nan,nan,nan,0.0,0.0,0.0,nan,nan,nan
2022-08-12T05:10:00,nan,nan,nan,0.0,0.0,0.0,nan,nan,nan
2022-08-12T05:10:30,nan,nan,nan,0.0,0.0,0.0,nan,nan,nan
2022-08-12T05:11:00,nan,nan,nan,0.0,0.0,0.0,nan,nan,nan
2022-08-12T05:11:30,nan,nan,nan,0.0,0.0,0.0,nan,nan,nan
2022-08-12T05:12:00,nan,nan,nan,0.0,0.0,0.0,nan,nan,nan
2022-08-12T05:12:30,nan,nan,nan,0.0,0.0,0.0,nan,nan,nan
2022-08-12T05:13:00,nan,nan,nan,0.0,0.0,0.0,nan,nan,nan
2022-08-12T05:13:30,nan,nan,nan,0.0,0.0,0.0,nan,nan,nan
2022-08-12T05:14:00,nan,nan,nan,0.0,0.0,0.0,nan,nan,nan
2022-08-12T05:14:30,nan,nan,nan,0.0,0.0,0.0,nan,nan,nan
2022-08-12T05:15:00,nan,nan,nan,0.0,0.0,0.0,nan,nan,nan
2022-08-12T05:15:30,nan,nan,nan,0.0,0.0,0.0,nan,nan,nan
2022-08-12T05:16:00,nan,nan,nan,0.0,0.0,0.0,nan,nan,nan
2022-08-12T05:16:30,nan,nan,nan,0.0,0.0,0.0,nan,nan,nan
2022-08-12T05:17:00,nan,nan,nan,0.0,0.0,0.0,nan,nan,nan
2022-08-12T05:17:30,nan,nan,nan,0.0,0.0,0.0,nan,nan,nan
2022-08-12T05:18:00,nan,nan,nan,0.0,0.0,0.0,nan,nan,nan
2022-08-12T05:18:30,nan,nan,nan,0.0,0.0,0.0,nan,nan,nan
2022-08-12T05:19:00,nan,nan,nan,0.0,0.0,0.0,nan,nan,nan
2022-08-12T05:19:30,nan,nan,nan,0.0,0.0,0.0,nan,nan,nan
2022-08-12T05:20:00,nan,nan,nan,0.0,0.0,0.0,nan,nan,nan
2022-08-12T05:20:30,nan,nan,nan,0.0,0.0,0.0,nan,nan,nan
2022-08-12T05:21:00,nan,nan,nan,0.0,0.0,0.0,nan,nan,nan
2022-08-12T05:21:30,nan,nan,nan,0.0,0.0,0.0,nan,nan,nan
2022-08-12T05:22:00,nan,nan,nan,0.0,0.0,0.0,nan,nan,nan
2022-08-12T05:22:30,nan,nan,nan,0.0,0.0,0.0,nan,nan,nan
2022-08-12T05:23:00,nan,nan,nan,0.0,0.0,0.0,nan,nan,nan
2022-08-12T05:23:30,nan,nan,nan,0.0,0.0,0.0,nan,nan,nan
2022-08-12T05:24:00,nan,nan,nan,0.0,0.0,0.0,nan,nan,nan
2022-08-12T05:24:30,nan,nan,nan,0.0,0.0,0.0,nan,nan,nan
2022-08-12T05:25:00,nan,nan,nan,0.0,0.0,0.0,nan,nan,nan
2022-08-12T05:25:30,nan,nan,nan,0.0,0.0,0.0,nan,nan,nan
2022-08-12T05:26:00,nan,nan,nan,0.0,0.0,0.0,nan,nan,nan
2022-08-12T05:26:30,nan,nan,nan,0.0,0.0,0.0,nan,nan,nan
2022-08-12T05:27:00,nan,nan,nan,0.0,0.0,0.0,nan,nan,nan
2022-08-12T05:27:30,nan,nan,nan,0.0,0.0,0.0,nan,nan,nan
2022-08-12T05:28:00,nan,nan,nan,0.0,0.0,0.0,nan,nan,nan
2022-08-12T05:28:30,nan,nan,nan,0.0,0.0,0.0,nan,nan,nan
2022-08-12T05:29:00,nan,nan,nan,0.0,0.0,0.0,nan,nan,nan
2022-08-12T05:29:30,nan,nan,nan,0.0,0.0,0.0,nan,nan,nan
2022-08-12T05:30:00,nan,nan,nan,0.0,0.0,0.0,nan,nan,nan
2022-08-12T05:30:30,nan,nan,nan,0.0,0.0,0.0,nan,nan,nan
2022-08-12T05:31:00,nan,nan,nan,0.0,0.0,0.0,nan,nan,nan
2022-08-12T05:31:30,nan,nan,nan,0.0,0.0,0.0,nan,nan,nan
2022-08-12T05:32:00,nan,nan,nan,0.0,0.0,0.0,nan,nan,nan
2022-08-12T05:32:30,nan,nan,nan,0.0,0.0,0.0,nan,nan,nan
2022-08-12T05:33:00,nan,nan,nan,0.0,0.0,0.0,nan,nan,nan
2022-08-12T05:33:30,nan,nan,nan,0.0,0.0,0.0,nan,nan,nan
2022-08-12T05:34:00,nan,nan,nan,0.0,0.0,0.0,nan,nan,nan
2022-08-12T05:34:30,nan,nan,nan,0.0,0.0,0.0,nan,nan,nan
2022-08-12T05:35:00,nan,nan,nan,0.0,0.0,0.0,nan,nan,nan
2022-08-12T05:35:30,nan,nan,nan,0.0,0.0,0.0,nan,nan,nan
2022-08-12T05:36:00,nan,nan,nan,0.0,0.0,0.0,nan,nan,nan
2022-08-12T05:36:30,nan,nan,nan,0.0,0.0,0.0,nan,nan,nan
2022-08-12T05:37:00,nan,nan,nan,0.0,0.0,0.0,nan,nan,nan
2022-08-12T05:37:30,nan,nan,nan,0.0,0.0,0.0,nan,nan,nan
2022-08-12T05:38:00,nan,nan,nan,0.0,0.0,0.0,nan,nan,nan
2022-08-12T05:38:30,nan,nan,nan,0.0,0.0,0.0,nan,nan,nan
2022-08-12T05:39:00,nan,nan,nan,0.0,0.0,0.0,nan,nan,nan
2022-08-12T05:39:30,nan,nan,nan,0.0,0.0,0.0,nan,nan,nan
2022-08-12T05:40:00,nan,nan,nan,0.0,0.0,0.0,nan,nan,nan
2022-08-12T05:40:30,nan,nan,nan,0.0,0.0,0.0,nan,nan,nan
2022-08-12T05:41:00,nan,nan,nan,0.0,0.0,0.0,nan,nan,nan
2022-08-12T05:41:30,nan,nan,nan,0.0,0.0,0.0,nan,nan,nan
2022-08-12T05:42:00,nan,nan,nan,0.0,0.0,0.0,nan,nan,nan
2022-08-12T05:42:30,nan,nan,nan,0.0,0.0,0.0,nan,nan,nan
2022-08-12T05:43:00,nan,nan,nan,0.0,0.0,0.0,nan,nan,nan
2022-08-12T05:43:30,nan,nan,nan,0.0,0.0,0.0,nan,nan,nan
2022-08-12T05:44:00,nan,nan,nan,0.0,0.0,0.0,nan,nan,nan
2022-08-12T05:44:30,nan,nan,nan,0.0,0.0,0.0,nan,nan,nan
2022-08-12T05:45:00,nan,nan,nan,0.0,0.0,0.0,nan,nan,nan
2022-08-12T05:45:30,nan,nan,nan,0.0,0.0,0.0,nan,nan,nan
2022-08-12T05:46:00,nan,nan,nan,0.0,0.0,0.0,nan,nan,nan
2022-08-12T05:46:30,nan,nan,nan,0.0,0.0,0.0,nan,nan,nan
2022-08-12T05:47:00,nan,nan,nan,0.0,0.0,0.0,nan,nan,nan
2022-08-12T05:47:30,nan,nan,nan,0.0,0.0,0.0,nan,nan,nan
2022-08-12T05:48:00,nan,nan,nan,0.0,0.0,0.0,nan,nan,nan
2022-08-12T05:48:30,nan,nan,nan,0.0,0.0,0.0,nan,nan,nan
2022-08-12T05:49:00,nan,nan,nan,0.0,0.0,0.0,nan,nan,nan
2022-08-12T05:49:30,nan,nan,nan,0.0,0.0,0.0,nan,nan,nan
2022-08-12T05:50:00,nan,nan,nan,0.0,0.0,0.0,nan,nan,nan
2022-08-12T05:50:30,nan,nan,nan,0.0,0.0,0.0,nan,nan,nan
2022-08-12T05:51:00,nan,nan,nan,0.0,0.0,0.0,nan,nan,nan
2022-08-12T05:51:30,nan,nan,nan,0.0,0.0,0.0,nan,nan,nan
2022-08-12T05:52:00,nan,nan,nan,0.0,0.0,0.0,nan,nan,nan
2022-08-12T05:52:30,nan,nan,nan,0.0,0.0,0.0,nan,nan,nan
2022-08-12T05:53:00,nan,nan,nan,0.0,0.0,0.0,nan,nan,nan
2022-08-12T05:53:30,nan,nan,nan,0.0,0.0,0.0,nan,nan,nan
2022-08-12T05:54:00,nan,nan,nan,0.0,0.0,0.0,nan,nan,nan
2022-08-12T05:54:30,nan,nan,nan,0.0,0.0,0.0,nan,nan,nan
2022-08-12T05:55:00,nan,nan,nan,0.0,0.0,0.0,nan,nan,nan
2022-08-12T05:55:30,nan,nan,nan,0.0,0.0,0.0,nan,nan,nan
2022-08-12T05:56:00,nan,nan,nan,0.0,0.0,0.0,nan,nan,nan
2022-08-12T05:56:30,nan,nan,nan,0.0,0.0,0.0,nan,nan,nan
2022-08-12T05:57:00,nan,nan,nan,0.0,0.0,0.0,nan,nan,nan
2022-08-12T05:57:30,nan,nan,nan,0.0,0.0,0.0,nan,nan,nan
2022-08-12T05:58:00,nan,nan,nan,0.0,0.0,0.0,nan,nan,nan
2022-08-12T05:58:30,nan,nan,nan,0.0,0.0,0.0,nan,nan,nan
2022-08-12T05:59:00,nan,nan,nan,0.0,0.0,0.0,nan,nan,nan
2022-08-12T05:59:30,nan,nan,nan,0.0,0.0,0.0,nan,nan,nan
2022-08-12T06:00:00,nan,nan,nan,0.0,0.0,0.0,nan,nan,nan
2022-08-12T06:00:30,nan,nan,nan,0.0,0.0,0.0,nan,nan,nan
2022-08-12T06:01:00,nan,nan,nan,0.0,0.0,0.0,nan,nan,nan
2022-08-12T06:01:30,nan,nan,nan,0.0,0.0,0.0,nan,nan,nan
2022-08-12T06:02:00,nan,nan,nan,0.0,0.0,0.0,nan,nan,nan
2022-08-12T06:02:30,nan,nan,nan,0.0,0.0,0.0,nan,nan,nan
2022-08-12T06:03:00,nan,nan,nan,0.0,0.0,0.0,nan,nan,nan
2022-08-12T06:03:30,nan,nan,nan,0.0,0.0,0.0,nan,nan,nan
2022-08-12T06:04:00,nan,nan,nan,0.0,0.0,0.0,nan,nan,nan
2022-08-12T06:04:30,nan,nan,nan,0.0,0.0,0.0,nan,nan,nan
2022-08-12T06:05:00,nan,nan,nan,0.0,0.0,0.0,nan,nan,nan
2022-08-12T06:05:30,nan,nan,nan,0.0,0.0,0.0,nan,nan,nan
2022-08-12T06:06:00,nan,nan,nan,0.0,0.0,0.0,nan,nan,nan
2022-08-12T06:06:30,nan,nan,nan,0.0,0.0,0.0,nan,nan,nan
2022-08-12T06:07:00,nan,nan,nan,0.0,0.0,0.0,nan,nan,nan
2022-08-12T06:07:30,nan,nan,nan,0.0,0.0,0.0,nan,nan,nan
2022-08-12T06:08:00,nan,nan,nan,0.0,0.0,0.0,nan,nan,nan
2022-08-12T06:08:30,nan,nan,nan,0.0,0.0,0.0,nan,nan,nan
2022-08-12T06:09:00,nan,nan,nan,0.0,0.0,0.0,nan,nan,nan
2022-08-12T06:09:30,nan,nan,nan,0.0,0.0,0.0,nan,nan,nan
2022-08-12T06:10:00,nan,nan,nan,0.0,0.0,0.0,nan,nan,nan
2022-08-12T06:10:30,nan,nan,nan,0.0,0.0,0.0,nan,nan,nan
2022-08-12T06:11:00,nan,nan,nan,0.0,0.0,0.0,nan,nan,nan
2022-08-12T06:11:30,nan,nan,nan,0.0,0.0,0.0,nan,nan,nan
2022-08-12T06:12:00,nan,nan,nan,0.0,0.0,0.0,nan,nan,nan
2022-08-12T06:12:30,nan,nan,nan,0.0,0.0,0.0,nan,nan,nan
2022-08-12T06:13:00,nan,nan,nan,0.0,0.0,0.0,nan,nan,nan
2022-08-12T06:13:30,nan,nan,nan,0.0,0.0,0.0,nan,nan,nan
2022-08-12T06:14:00,nan,nan,nan,0.0,0.0,0.0,nan,nan,nan
2022-08-12T06:14:30,nan,nan,nan,0.0,0.0,0.0,nan,nan,nan
2022-08-12T06:15:00,nan,nan,nan,0.0,0.0,0.0,nan,nan,nan
2022-08-12T06:15:30,nan,nan,nan,0.0,0.0,0.0,nan,nan,nan
2022-08-12T06:16:00,nan,nan,nan,0.0,0.0,0.0,nan,nan,nan
2022-08-12T06:16:30,nan,nan,nan,0.0,0.0,0.0,nan,nan,nan
2022-08-12T06:17:00,nan,nan,nan,0.0,0.0,0.0,nan,nan,nan
2022-08-12T06:17:30,nan,nan,nan,0.0,0.0,0.0,nan,nan,nan
2022-08-12T06:18:00,nan,nan,nan,0.0,0.0,0.0,nan,nan,nan
2022-08-12T06:18:30,nan,nan,nan,0.0,0.0,0.0,nan,nan,nan
2022-08-12T06:19:00,nan,nan,nan,0.0,0.0,0.0,nan,nan,nan
2022-08-12T06:19:30,nan,nan,nan,0.0,0.0,0.0,nan,nan,nan
2022-08-12T06:20:00,nan,nan,nan,0.0,0.0,0.0,nan,nan,nan
2022-08-12T06:20:30,nan,nan,nan,0.0,0.0,0.0,nan,nan,nan
2022-08-12T06:21:00,nan,nan,nan,0.0,0.0,0.0,nan,nan,nan
2022-08-12T06:21:30,nan,nan,nan,0.0,0.0,0.0,nan,nan,nan
2022-08-12T06:22:00,nan,nan,nan,0.0,0.0,0.0,nan,nan,nan
2022-08-12T06:22:30,nan,nan,nan,0.0,0.0,0.0,nan,nan,nan
2022-08-12T06:23:00,nan,nan,nan,0.0,0.0,0.0,nan,nan,nan
2022-08-12T06:23:30,nan,nan,nan,0.0,0.0,0.0,nan,nan,nan
2022-08-12T06:24:00,nan,nan,nan,0.0,0.0,0.0,nan,nan,nan
2022-08-12T06:24:30,nan,nan,nan,0.0,0.0,0.0,nan,nan,nan
2022-08-12T06:25:00,nan,nan,nan,0.0,0.0,0.0,nan,nan,nan
2022-08-12T06:25:30,nan,nan,nan,0.0,0.0,0.0,nan,nan,nan
2022-08-12T06:26:00,nan,nan,nan,0.0,0.0,0.0,nan,nan,nan
2022-08-12T06:26:30,nan,nan,nan,0.0,0.0,0.0,nan,nan,nan
2022-08-12T06:27:00,nan,nan,nan,0.0,0.0,0.0,nan,nan,nan
2022-08-12T06:27:30,nan,nan,nan,0.0,0.0,0.0,nan,nan,nan
2022-08-12T06:28:00,nan,nan,nan,0.0,0.0,0.0,nan,nan,nan
2022-08-12T06:28:30,nan,nan,nan,0.0,0.0,0.0,nan,nan,nan
2022-08-12T06:29:00,nan,nan,nan,0.0,0.0,0.0,nan,nan,nan
2022-08-12T06:29:30,nan,nan,nan,0.0,0.0,0.0,nan,nan,nan
2022-08-12T06:30:00,nan,nan,nan,0.0,0.0,0.0,nan,nan,nan
2022-08-12T06:30:30,nan,nan,nan,0.0,0.0,0.0,nan,nan,nan
2022-08-12T06:31:00,nan,nan,nan,0.0,0.0,0.0,nan,nan,nan
2022-08-12T06:31:30,nan,nan,nan,0.0,0.0,0.0,nan,nan,nan
2022-08-12T06:32:00,nan,nan,nan,0.0,0.0,0.0,nan,nan,nan
2022-08-12T06:32:30,nan,nan,nan,0.0,0.0,0.0,nan,nan,nan
2022-08-12T06:33:00,nan,nan,nan,0.0,0.0,0.0,nan,nan,nan
2022-08-12T06:33:30,nan,nan,nan,0.0,0.0,0.0,nan,nan,nan
2022-08-12T06:34:00,nan,nan,nan,0.0,0.0,0.0,nan,nan,nan
2022-08-12T06:34:30,nan,nan,nan,0.0,0.0,0.0,nan,nan,nan
2022-08-12T06:35:00,nan,nan,nan,0.0,0.0,0.0,nan,nan,nan
2022-08-12T06:35:30,nan,nan,nan,0.0,0.0,0.0,nan,nan,nan
2022-08-12T06:36:00,nan,nan,nan,0.0,0.0,0.0,nan,nan,nan
2022-08-12T06:36:30,nan,nan,nan,0.0,0.0,0.0,nan,nan,nan
2022-08-12T06:37:00,nan,nan,nan,0.0,0.0,0.0,nan,nan,nan
2022-08-12T06:37:30,nan,nan,nan,0.0,0.0,0.0,nan,nan,nan
2022-08-12T06:38:00,nan,nan,nan,0.0,0.0,0.0,nan,nan,nan
2022-08-12T06:38:30,nan,nan,nan,0.0,0.0,0.0,nan,nan,nan
2022-08-12T06:39:00,nan,nan,nan,0.0,0.0,0.0,nan,nan,nan
2022-08-12T06:39:30,nan,nan,nan,0.0,0.0,0.0,nan,nan,nan
2022-08-12T06:40:00,nan,nan,nan,0.0,0.0,0.0,nan,nan,nan
2022-08-12T06:40:30,nan,nan,nan,0.0,0.0,0.0,nan,nan,nan
2022-08-12T06:41:00,nan,nan,nan,0.0,0.0,0.0,nan,nan,nan
2022-08-12T06:41:30,nan,nan,nan,0.0,0.0,0.0,nan,nan,nan
2022-08-12T06:42:00,nan,nan,nan,0.0,0.0,0.0,nan,nan,nan
2022-08-12T06:42:30,nan,nan,nan,0.0,0.0,0.0,nan,nan,nan
2022-08-12T06:43:00,nan,nan,nan,0.0,0.0,0.0,nan,nan,nan
2022-08-12T06:43:30,nan,nan,nan,0.0,0.0,0.0,nan,nan,nan
2022-08-12T06:44:00,nan,nan,nan,0.0,0.0,0.0,nan,nan,nan
2022-08-12T06:44:30,nan,nan,nan,0.0,0.0,0.0,nan,nan,nan
2022-08-12T06:45:00,nan,nan,nan,0.0,0.0,0.0,nan,nan,nan
2022-08-12T06:45:30,nan,nan,nan,0.0,0.0,0.0,nan,nan,nan
2022-08-12T06:46:00,nan,nan,nan,0.0,0.0,0.0,nan,nan,nan
2022-08-12T06:46:30,nan,nan,nan,0.0,0.0,0.0,nan,nan,nan
2022-08-12T06:47:00,nan,nan,nan,0.0,0.0,0.0,nan,nan,nan
2022-08-12T06:47:30,nan,nan,nan,0.0,0.0,0.0,nan,nan,nan
2022-08-12T06:48:00,nan,nan,nan,0.0,0.0,0.0,nan,nan,nan
2022-08-12T06:48:30,nan,nan,nan,0.0,0.0,0.0,nan,nan,nan
2022-08-12T06:49:00,nan,nan,nan,0.0,0.0,0.0,nan,nan,nan
2022-08-12T06:49:30,nan,nan,nan,0.0,0.0,0.0,nan,nan,nan
2022-08-12T06:50:00,nan,nan,nan,0.0,0.0,0.0,nan,nan,nan
2022-08-12T06:50:30,nan,nan,nan,0.0,0.0,0.0,nan,nan,nan
2022-08-12T06:51:00,nan,nan,nan,0.0,0.0,0.0,nan,nan,nan
2022-08-12T06:51:30,nan,nan,nan,0.0,0.0,0.0,nan,nan,nan
2022-08-12T06:52:00,nan,nan,nan,0.0,0.0,0.0,nan,nan,nan
2022-08-12T06:52:30,nan,nan,nan,0.0,0.0,0.0,nan,nan,nan
2022-08-12T06:53:00,nan,nan,nan,0.0,0.0,0.0,nan,nan,nan
2022-08-12T06:53:30,nan,nan,nan,0.0,0.0,0.0,nan,nan,nan
2022-08-12T06:54:00,nan,nan,nan,0.0,0.0,0.0,nan,nan,nan
2022-08-12T06:54:30,nan,nan,nan,0.0,0.0,0.0,nan,nan,nan
2022-08-12T06:55:00,nan,nan,nan,0.0,0.0,0.0,nan,nan,nan
2022-08-12T06:55:30,nan,nan,nan,0.0,0.0,0.0,nan,nan,nan
2022-08-12T06:56:00,nan,nan,nan,0.0,0.0,0.0,nan,nan,nan
2022-08-12T06:56:30,nan,nan,nan,0.0,0.0,0.0,nan,nan,nan
2022-08-12T06:57:00,nan,nan,nan,0.0,0.0,0.0,nan,nan,nan
2022-08-12T06:57:30,nan,nan,nan,0.0,0.0,0.0,nan,nan,nan
2022-08-12T06:58:00,nan,nan,nan,0.0,0.0,0.0,nan,nan,nan
2022-08-12T06:58:30,nan,nan,nan,0.0,0.0,0.0,nan,nan,nan
2022-08-12T06:59:00,nan,nan,nan,0.0,0.0,0.0,nan,nan,nan
2022-08-12T06:59:30,nan,nan,nan,0.0,0.0,0.0,nan,nan,nan
2022-08-12T07:00:00,nan,nan,nan,0.0,0.0,0.0,nan,nan,nan
2022-08-12T07:00:30,nan,nan,nan,0.0,0.0,0.0,nan,nan,nan
2022-08-12T07:01:00,nan,nan,nan,0.0,0.0,0.0,nan,nan,nan
2022-08-12T07:01:30,nan,nan,nan,0.0,0.0,0.0,nan,nan,nan
2022-08-12T07:02:00,nan,nan,nan,0.0,0.0,0.0,nan,nan,nan
2022-08-12T07:02:30,nan,nan,nan,0.0,0.0,0.0,nan,nan,nan
2022-08-12T07:03:00,nan,nan,nan,0.0,0.0,0.0,nan,nan,nan
2022-08-12T07:03:30,nan,nan,nan,0.0,0.0,0.0,nan,nan,nan
2022-08-12T07:04:00,nan,nan,nan,0.0,0.0,0.0,nan,nan,nan
2022-08-12T07:04:30,nan,nan,nan,0.0,0.0,0.0,nan,nan,nan
2022-08-12T07:05:00,nan,nan,nan,0.0,0.0,0.0,nan,nan,nan
2022-08-12T07:05:30,nan,nan,nan,0.0,0.0,0.0,nan,nan,nan
2022-08-12T07:06:00,nan,nan,nan,0.0,0.0,0.0,nan,nan,nan
2022-08-12T07:06:30,nan,nan,nan,0.0,0.0,0.0,nan,nan,nan
2022-08-12T07:07:00,nan,nan,nan,0.0,0.0,0.0,nan,nan,nan
2022-08-12T07:07:30,nan,nan,nan,0.0,0.0,0.0,nan,nan,nan
2022-08-12T07:08:00,nan,nan,nan,0.0,0.0,0.0,nan,nan,nan
2022-08-12T07:08:30,nan,nan,nan,0.0,0.0,0.0,nan,nan,nan
2022-08-12T07:09:00,nan,nan,nan,0.0,0.0,0.0,nan,nan,nan
2022-08-12T07:09:30,nan,nan,nan,0.0,0.0,0.0,nan,nan,nan
2022-08-12T07:10:00,nan,nan,nan,0.0,0.0,0.0,nan,nan,nan
2022-08-12T07:10:30,nan,nan,nan,0.0,0.0,0.0,nan,nan,nan
2022-08-12T07:11:00,nan,nan,nan,0.0,0.0,0.0,nan,nan,nan
2022-08-12T07:11:30,nan,nan,nan,0.0,0.0,0.0,nan,nan,nan
2022-08-12T07:12:00,nan,nan,nan,0.0,0.0,0.0,nan,nan,nan
2022-08-12T07:12:30,nan,nan,nan,0.0,0.0,0.0,nan,nan,nan
2022-08-12T07:13:00,nan,nan,nan,0.0,0.0,0.0,nan,nan,nan
2022-08-12T07:13:30,nan,nan,nan,0.0,0.0,0.0,nan,nan,nan
2022-08-12T07:14:00,nan,nan,nan,0.0,0.0,0.0,nan,nan,nan
2022-08-12T07:14:30,nan,nan,nan,0.0,0.0,0.0,nan,nan,nan
2022-08-12T07:15:00,nan,nan,nan,0.0,0.0,0.0,nan,nan,nan
2022-08-12T07:15:30,nan,nan,nan,0.0,0.0,0.0,nan,nan,nan
2022-08-12T07:16:00,nan,nan,nan,0.0,0.0,0.0,nan,nan,nan
2022-08-12T07:16:30,nan,nan,nan,0.0,0.0,0.0,nan,nan,nan
2022-08-12T07:17:00,nan,nan,nan,0.0,0.0,0.0,nan,nan,nan
2022-08-12T07:17:30,nan,nan,nan,0.0,0.0,0.0,nan,nan,nan
2022-08-12T07:18:00,nan,nan,nan,0.0,0.0,0.0,nan,nan,nan
2022-08-12T07:18:30,nan,nan,nan,0.0,0.0,0.0,nan,nan,nan
2022-08-12T07:19:00,nan,nan,nan,0.0,0.0,0.0,nan,nan,nan
2022-08-12T07:19:30,nan,nan,nan,0.0,0.0,0.0,nan,nan,nan
2022-08-12T07:20:00,nan,nan,nan,0.0,0.0,0.0,nan,nan,nan
2022-08-12T07:20:30,nan,nan,nan,0.0,0.0,0.0,nan,nan,nan
2022-08-12T07:21:00,nan,nan,nan,0.0,0.0,0.0,nan,nan,nan
2022-08-12T07:21:30,nan,nan,nan,0.0,0.0,0.0,nan,nan,nan
2022-08-12T07:22:00,nan,nan,nan,0.0,0.0,0.0,nan,nan,nan
2022-08-12T07:22:30,nan,nan,nan,0.0,0.0,0.0,nan,nan,nan
2022-08-12T07:23:00,nan,nan,nan,0.0,0.0,0.0,nan,nan,nan
2022-08-12T07:23:30,nan,nan,nan,0.0,0.0,0.0,nan,nan,nan
2022-08-12T07:24:00,nan,nan,nan,0.0,0.0,0.0,nan,nan,nan
2022-08-12T07:24:30,nan,nan,nan,0.0,0.0,0.0,nan,nan,nan
2022-08-12T07:25:00,nan,nan,nan,0.0,0.0,0.0,nan,nan,nan
2022-08-12T07:25:30,nan,nan,nan,0.0,0.0,0.0,nan,nan,nan
2022-08-12T07:26:00,nan,nan,nan,0.0,0.0,0.0,nan,nan,nan
2022-08-12T07:26:30,nan,nan,nan,0.0,0.0,0.0,nan,nan,nan
2022-08-12T07:27:00,nan,nan,nan,0.0,0.0,0.0,nan,nan,nan
2022-08-12T07:27:30,nan,nan,nan,0.0,0.0,0.0,nan,nan,nan
2022-08-12T07:28:00,nan,nan,nan,0.0,0.0,0.0,nan,nan,nan
2022-08-12T07:28:30,nan,nan,nan,0.0,0.0,0.0,nan,nan,nan
2022-08-12T07:29:00,nan,nan,nan,0.0,0.0,0.0,nan,nan,nan
2022-08-12T07:29:30,nan,nan,nan,0.0,0.0,0.0,nan,nan,nan
2022-08-12T07:30:00,nan,nan,nan,0.0,0.0,0.0,nan,nan,nan
2022-08-12T07:30:30,nan,nan,nan,0.0,0.0,0.0,nan,nan,nan
2022-08-12T07:31:00,nan,nan,nan,0.0,0.0,0.0,nan,nan,nan
2022-08-12T07:31:30,nan,nan,nan,0.0,0.0,0.0,nan,nan,nan
2022-08-12T07:32:00,nan,nan,nan,0.0,0.0,0.0,nan,nan,nan
2022-08-12T07:32:30,nan,nan,nan,0.0,0.0,0.0,nan,nan,nan
2022-08-12T07:33:00,nan,nan,nan,0.0,0.0,0.0,nan,nan,nan
2022-08-12T07:33:30,nan,nan,nan,0.0,0.0,0.0,nan,nan,nan
2022-08-12T07:34:00,nan,nan,nan,0.0,0.0,0.0,nan,nan,nan
2022-08-12T07:34:30,nan,nan,nan,0.0,0.0,0.0,nan,nan,nan
2022-08-12T07:35:00,nan,nan,nan,0.0,0.0,0.0,nan,nan,nan
2022-08-12T07:35:30,nan,nan,nan,0.0,0.0,0.0,nan,nan,nan
2022-08-12T07:36:00,nan,nan,nan,0.0,0.0,0.0,nan,nan,nan
2022-08-12T07:36:30,nan,nan,nan,0.0,0.0,0.0,nan,nan,nan
2022-08-12T07:37:00,nan,nan,nan,0.0,0.0,0.0,nan,nan,nan
2022-08-12T07:37:30,nan,nan,nan,0.0,0.0,0.0,nan,nan,nan
2022-08-12T07:38:00,nan,nan,nan,0.0,0.0,0.0,nan,nan,nan
2022-08-12T07:38:30,nan,nan,nan,0.0,0.0,0.0,nan,nan,nan
2022-08-12T07:39:00,nan,nan,nan,0.0,0.0,0.0,nan,nan,nan
2022-08-12T07:39:30,nan,nan,nan,0.0,0.0,0.0,nan,nan,nan
2022-08-12T07:40:00,nan,nan,nan,0.0,0.0,0.0,nan,nan,nan
2022-08-12T07:40:30,nan,nan,nan,0.0,0.0,0.0,nan,nan,nan
2022-08-12T07:41:00,nan,nan,nan,0.0,0.0,0.0,nan,nan,nan
2022-08-12T07:41:30,nan,nan,nan,0.0,0.0,0.0,nan,nan,nan
2022-08-12T07:42:00,nan,nan,nan,0.0,0.0,0.0,nan,nan,nan
2022-08-12T07:42:30,nan,nan,nan,0.0,0.0,0.0,nan,nan,nan
2022-08-12T07:43:00,nan,nan,nan,0.0,0.0,0.0,nan,nan,nan
2022-08-12T07:43:30,nan,nan,nan,0.0,0.0,0.0,nan,nan,nan
2022-08-12T07:44:00,nan,nan,nan,0.0,0.0,0.0,nan,nan,nan
2022-08-12T07:44:30,nan,nan,nan,0.0,0.0,0.0,nan,nan,nan
2022-08-12T07:45:00,nan,nan,nan,0.0,0.0,0.0,nan,nan,nan
2022-08-12T07:45:30,nan,nan,nan,0.0,0.0,0.0,nan,nan,nan
2022-08-12T07:46:00,nan,nan,nan,0.0,0.0,0.0,nan,nan,nan
2022-08-12T07:46:30,nan,nan,nan,0.0,0.0,0.0,nan,nan,nan
2022-08-12T07:47:00,nan,nan,nan,0.0,0.0,0.0,nan,nan,nan
2022-08-12T07:47:30,nan,nan,nan,0.0,0.0,0.0,nan,nan,nan
2022-08-12T07:48:00,nan,nan,nan,0.0,0.0,0.0,nan,nan,nan
2022-08-12T07:48:30,nan,nan,nan,0.0,0.0,0.0,nan,nan,nan
2022-08-12T07:49:00,nan,nan,nan,0.0,0.0,0.0,nan,nan,nan
2022-08-12T07:49:30,nan,nan,nan,0.0,0.0,0.0,nan,nan,nan
2022-08-12T07:50:00,nan,nan,nan,0.0,0.0,0.0,nan,nan,nan
2022-08-12T07:50:30,nan,nan,nan,0.0,0.0,0.0,nan,nan,nan
2022-08-12T07:51:00,nan,nan,nan,0.0,0.0,0.0,nan,nan,nan
2022-08-12T07:51:30,nan,nan,nan,0.0,0.0,0.0,nan,nan,nan
2022-08-12T07:52:00,nan,nan,nan,0.0,0.0,0.0,nan,nan,nan
2022-08-12T07:52:30,nan,nan,nan,0.0,0.0,0.0,nan,nan,nan
2022-08-12T07:53:00,nan,nan,nan,0.0,0.0,0.0,nan,nan,nan
2022-08-12T07:53:30,nan,nan,nan,0.0,0.0,0.0,nan,nan,nan
2022-08-12T07:54:00,nan,nan,nan,0.0,0.0,0.0,nan,nan,nan
2022-08-12T07:54:30,nan,nan,nan,0.0,0.0,0.0,nan,nan,nan
2022-08-12T07:55:00,nan,nan,nan,0.0,0.0,0.0,nan,nan,nan
2022-08-12T07:55:30,nan,nan,nan,0.0,0.0,0.0,nan,nan,nan
2022-08-12T07:56:00,nan,nan,nan,0.0,0.0,0.0,nan,nan,nan
2022-08-12T07:56:30,nan,nan,nan,0.0,0.0,0.0,nan,nan,nan
2022-08-12T07:57:00,nan,nan,nan,0.0,0.0,0.0,nan,nan,nan
2022-08-12T07:57:30,nan,nan,nan,0.0,0.0,0.0,nan,nan,nan
2022-08-12T07:58:00,nan,nan,nan,0.0,0.0,0.0,nan,nan,nan
2022-08-12T07:58:30,nan,nan,nan,0.0,0.0,0.0,nan,nan,nan
2022-08-12T07:59:00,nan,nan,nan,0.0,0.0,0.0,nan,nan,nan
2022-08-12T07:59:30,nan,nan,nan,0.0,0.0,0.0,nan,nan,nan
2022-08-12T08:00:00,nan,nan,nan,0.0,0.0,0.0,nan,nan,nan
2022-08-12T08:00:30,nan,nan,nan,0.0,0.0,0.0,nan,nan,nan
2022-08-12T08:01:00,nan,nan,nan,0.0,0.0,0.0,nan,nan,nan
2022-08-12T08:01:30,nan,nan,nan,0.0,0.0,0.0,nan,nan,nan
2022-08-12T08:02:00,nan,nan,nan,0.0,0.0,0.0,nan,nan,nan
2022-08-12T08:02:30,nan,nan,nan,0.0,0.0,0.0,nan,nan,nan
2022-08-12T08:03:00,nan,nan,nan,0.0,0.0,0.0,nan,nan,nan
2022-08-12T08:03:30,nan,nan,nan,0.0,0.0,0.0,nan,nan,nan
2022-08-12T08:04:00,nan,nan,nan,0.0,0.0,0.0,nan,nan,nan
2022-08-12T08:04:30,nan,nan,nan,0.0,0.0,0.0,nan,nan,nan
2022-08-12T08:05:00,nan,nan,nan,0.0,0.0,0.0,nan,nan,nan
2022-08-12T08:05:30,nan,nan,nan,0.0,0.0,0.0,nan,nan,nan
2022-08-12T08:06:00,nan,nan,nan,0.0,0.0,0.0,nan,nan,nan
2022-08-12T08:06:30,nan,nan,nan,0.0,0.0,0.0,nan,nan,nan
2022-08-12T08:07:00,nan,nan,nan,0.0,0.0,0.0,nan,nan,nan
2022-08-12T08:07:30,nan,nan,nan,0.0,0.0,0.0,nan,nan,nan
2022-08-12T08:08:00,nan,nan,nan,0.0,0.0,0.0,nan,nan,nan
2022-08-12T08:08:30,nan,nan,nan,0.0,0.0,0.0,nan,nan,nan
2022-08-12T08:09:00,nan,nan,nan,0.0,0.0,0.0,nan,nan,nan
2022-08-12T08:09:30,nan,nan,nan,0.0,0.0,0.0,nan,nan,nan
2022-08-12T08:10:00,nan,nan,nan,0.0,0.0,0.0,nan,nan,nan
2022-08-12T08:10:30,nan,nan,nan,0.0,0.0,0.0,nan,nan,nan
2022-08-12T08:11:00,nan,nan,nan,0.0,0.0,0.0,nan,nan,nan
2022-08-12T08:11:30,nan,nan,nan,0.0,0.0,0.0,nan,nan,nan
2022-08-12T08:12:00,nan,nan,nan,0.0,0.0,0.0,nan,nan,nan
2022-08-12T08:12:30,nan,nan,nan,0.0,0.0,0.0,nan,nan,nan
2022-08-12T08:13:00,nan,nan,nan,0.0,0.0,0.0,nan,nan,nan
2022-08-12T08:13:30,nan,nan,nan,0.0,0.0,0.0,nan,nan,nan
2022-08-12T08:14:00,nan,nan,nan,0.0,0.0,0.0,nan,nan,nan
2022-08-12T08:14:30,nan,nan,nan,0.0,0.0,0.0,nan,nan,nan
2022-08-12T08:15:00,nan,nan,nan,0.0,0.0,0.0,nan,nan,nan
2022-08-12T08:15:30,nan,nan,nan,0.0,0.0,0.0,nan,nan,nan
2022-08-12T08:16:00,nan,nan,nan,0.0,0.0,0.0,nan,nan,nan
2022-08-12T08:16:30,nan,nan,nan,0.0,0.0,0.0,nan,nan,nan
2022-08-12T08:17:00,nan,nan,nan,0.0,0.0,0.0,nan,nan,nan
2022-08-12T08:17:30,nan,nan,nan,0.0,0.0,0.0,nan,nan,nan
2022-08-12T08:18:00,nan,nan,nan,0.0,0.0,0.0,nan,nan,nan
2022-08-12T08:18:30,nan,nan,nan,0.0,0.0,0.0,nan,nan,nan
2022-08-12T08:19:00,nan,nan,nan,0.0,0.0,0.0,nan,nan,nan
2022-08-12T08:19:30,nan,nan,nan,0.0,0.0,0.0,nan,nan,nan
2022-08-12T08:20:00,nan,nan,nan,0.0,0.0,0.0,nan,nan,nan
2022-08-12T08:20:30,nan,nan,nan,0.0,0.0,0.0,nan,nan,nan
2022-08-12T08:21:00,nan,nan,nan,0.0,0.0,0.0,nan,nan,nan
2022-08-12T08:21:30,nan,nan,nan,0.0,0.0,0.0,nan,nan,nan
2022-08-12T08:22:00,nan,nan,nan,0.0,0.0,0.0,nan,nan,nan
2022-08-12T08:22:30,nan,nan,nan,0.0,0.0,0.0,nan,nan,nan
2022-08-12T08:23:00,nan,nan,nan,0.0,0.0,0.0,nan,nan,nan
2022-08-12T08:23:30,nan,nan,nan,0.0,0.0,0.0,nan,nan,nan
2022-08-12T08:24:00,nan,nan,nan,0.0,0.0,0.0,nan,nan,nan
2022-08-12T08:24:30,nan,nan,nan,0.0,0.0,0.0,nan,nan,nan
2022-08-12T08:25:00,nan,nan,nan,0.0,0.0,0.0,nan,nan,nan
2022-08-12T08:25:30,nan,nan,nan,0.0,0.0,0.0,nan,nan,nan
2022-08-12T08:26:00,nan,nan,nan,0.0,0.0,0.0,nan,nan,nan
2022-08-12T08:26:30,nan,nan,nan,0.0,0.0,0.0,nan,nan,nan
2022-08-12T08:27:00,nan,nan,nan,0.0,0.0,0.0,nan,nan,nan
2022-08-12T08:27:30,nan,nan,nan,0.0,0.0,0.0,nan,nan,nan
2022-08-12T08:28:00,nan,nan,nan,0.0,0.0,0.0,nan,nan,nan
2022-08-12T08:28:30,nan,nan,nan,0.0,0.0,0.0,nan,nan,nan
2022-08-12T08:29:00,nan,nan,nan,0.0,0.0,0.0,nan,nan,nan
2022-08-12T08:29:30,nan,nan,nan,0.0,0.0,0.0,nan,nan,nan
2022-08-12T08:30:00,nan,nan,nan,0.0,0.0,0.0,nan,nan,nan
2022-08-12T08:30:30,nan,nan,nan,0.0,0.0,0.0,nan,nan,nan
2022-08-12T08:31:00,nan,nan,nan,0.0,0.0,0.0,nan,nan,nan
2022-08-12T08:31:30,nan,nan,nan,0.0,0.0,0.0,nan,nan,nan
2022-08-12T08:32:00,nan,nan,nan,0.0,0.0,0.0,nan,nan,nan
2022-08-12T08:32:30,nan,nan,nan,0.0,0.0,0.0,nan,nan,nan
2022-08-12T08:33:00,nan,nan,nan,0.0,0.0,0.0,nan,nan,nan
2022-08-12T08:33:30,nan,nan,nan,0.0,0.0,0.0,nan,nan,nan
2022-08-12T08:34:00,nan,nan,nan,0.0,0.0,0.0,nan,nan,nan
2022-08-12T08:34:30,nan,nan,nan,0.0,0.0,0.0,nan,nan,nan
2022-08-12T08:35:00,nan,nan,nan,0.0,0.0,0.0,nan,nan,nan
2022-08-12T08:35:30,nan,nan,nan,0.0,0.0,0.0,nan,nan,nan
2022-08-12T08:36:00,nan,nan,nan,0.0,0.0,0.0,nan,nan,nan
2022-08-12T08:36:30,nan,nan,nan,0.0,0.0,0.0,nan,nan,nan
2022-08-12T08:37:00,nan,nan,nan,0.0,0.0,0.0,nan,nan,nan
2022-08-12T08:37:30,nan,nan,nan,0.0,0.0,0.0,nan,nan,nan
2022-08-12T08:38:00,nan,nan,nan,0.0,0.0,0.0,nan,nan,nan
2022-08-12T08:38:30,nan,nan,nan,0.0,0.0,0.0,nan,nan,nan
2022-08-12T08:39:00,nan,nan,nan,0.0,0.0,0.0,nan,nan,nan
2022-08-12T08:39:30,nan,nan,nan,0.0,0.0,0.0,nan,nan,nan
2022-08-12T08:40:00,nan,nan,nan,0.0,0.0,0.0,nan,nan,nan
2022-08-12T08:40:30,nan,nan,nan,0.0,0.0,0.0,nan,nan,nan
2022-08-12T08:41:00,nan,nan,nan,0.0,0.0,0.0,nan,nan,nan
2022-08-12T08:41:30,nan,nan,nan,0.0,0.0,0.0,nan,nan,nan
2022-08-12T08:42:00,nan,nan,nan,0.0,0.0,0.0,nan,nan,nan
2022-08-12T08:42:30,nan,nan,nan,0.0,0.0,0.0,nan,nan,nan
2022-08-12T08:43:00,nan,nan,nan,0.0,0.0,0.0,nan,nan,nan
2022-08-12T08:43:30,nan,nan,nan,0.0,0.0,0.0,nan,nan,nan
2022-08-12T08:44:00,nan,nan,nan,0.0,0.0,0.0,nan,nan,nan
2022-08-12T08:44:30,nan,nan,nan,0.0,0.0,0.0,nan,nan,nan
2022-08-12T08:45:00,nan,nan,nan,0.0,0.0,0.0,nan,nan,nan
2022-08-12T08:45:30,nan,nan,nan,0.0,0.0,0.0,nan,nan,nan
2022-08-12T08:46:00,nan,nan,nan,0.0,0.0,0.0,nan,nan,nan
2022-08-12T08:46:30,nan,nan,nan,0.0,0.0,0.0,nan,nan,nan
2022-08-12T08:47:00,nan,nan,nan,0.0,0.0,0.0,nan,nan,nan
2022-08-12T08:47:30,nan,nan,nan,0.0,0.0,0.0,nan,nan,nan
2022-08-12T08:48:00,nan,nan,nan,0.0,0.0,0.0,nan,nan,nan
2022-08-12T08:48:30,nan,nan,nan,0.0,0.0,0.0,nan,nan,nan
2022-08-12T08:49:00,nan,nan,nan,0.0,0.0,0.0,nan,nan,nan
2022-08-12T08:49:30,nan,nan,nan,0.0,0.0,0.0,nan,nan,nan
2022-08-12T08:50:00,nan,nan,nan,0.0,0.0,0.0,nan,nan,nan
2022-08-12T08:50:30,nan,nan,nan,0.0,0.0,0.0,nan,nan,nan
2022-08-12T08:51:00,nan,nan,nan,0.0,0.0,0.0,nan,nan,nan
2022-08-12T08:51:30,nan,nan,nan,0.0,0.0,0.0,nan,nan,nan
2022-08-12T08:52:00,nan,nan,nan,0.0,0.0,0.0,nan,nan,nan
2022-08-12T08:52:30,nan,nan,nan,0.0,0.0,0.0,nan,nan,nan
2022-08-12T08:53:00,nan,nan,nan,0.0,0.0,0.0,nan,nan,nan
2022-08-12T08:53:30,nan,nan,nan,0.0,0.0,0.0,nan,nan,nan
2022-08-12T08:54:00,nan,nan,nan,0.0,0.0,0.0,nan,nan,nan
2022-08-12T08:54:30,nan,nan,nan,0.0,0.0,0.0,nan,nan,nan
2022-08-12T08:55:00,nan,nan,nan,0.0,0.0,0.0,nan,nan,nan
2022-08-12T08:55:30,nan,nan,nan,0.0,0.0,0.0,nan,nan,nan
2022-08-12T08:56:00,nan,nan,nan,0.0,0.0,0.0,nan,nan,nan
2022-08-12T08:56:30,nan,nan,nan,0.0,0.0,0.0,nan,nan,nan
2022-08-12T08:57:00,nan,nan,nan,0.0,0.0,0.0,nan,nan,nan
2022-08-12T08:57:30,nan,nan,nan,0.0,0.0,0.0,nan,nan,nan
2022-08-12T08:58:00,nan,nan,nan,0.0,0.0,0.0,nan,nan,nan
2022-08-12T08:58:30,nan,nan,nan,0.0,0.0,0.0,nan,nan,nan
2022-08-12T08:59:00,nan,nan,nan,0.0,0.0,0.0,nan,nan,nan
2022-08-12T08:59:30,nan,nan,nan,0.0,0.0,0.0,nan,nan,nan
2022-08-12T09:00:00,nan,nan,nan,0.0,0.0,0.0,nan,nan,nan
2022-08-12T09:00:30,nan,nan,nan,0.0,0.0,0.0,nan,nan,nan
2022-08-12T09:01:00,nan,nan,nan,0.0,0.0,0.0,nan,nan,nan
2022-08-12T09:01:30,nan,nan,nan,0.0,0.0,0.0,nan,nan,nan
2022-08-12T09:02:00,nan,nan,nan,0.0,0.0,0.0,nan,nan,nan
2022-08-12T09:02:30,nan,nan,nan,0.0,0.0,0.0,nan,nan,nan
2022-08-12T09:03:00,nan,nan,nan,0.0,0.0,0.0,nan,nan,nan
2022-08-12T09:03:30,nan,nan,nan,0.0,0.0,0.0,nan,nan,nan
2022-08-12T09:04:00,nan,nan,nan,0.0,0.0,0.0,nan,nan,nan
2022-08-12T09:04:30,nan,nan,nan,0.0,0.0,0.0,nan,nan,nan
2022-08-12T09:05:00,nan,nan,nan,0.0,0.0,0.0,nan,nan,nan
2022-08-12T09:05:30,nan,nan,nan,0.0,0.0,0.0,nan,nan,nan
2022-08-12T09:06:00,nan,nan,nan,0.0,0.0,0.0,nan,nan,nan
2022-08-12T09:06:30,nan,nan,nan,0.0,0.0,0.0,nan,nan,nan
2022-08-12T09:07:00,nan,nan,nan,0.0,0.0,0.0,nan,nan,nan
2022-08-12T09:07:30,nan,nan,nan,0.0,0.0,0.0,nan,nan,nan
2022-08-12T09:08:00,nan,nan,nan,0.0,0.0,0.0,nan,nan,nan
2022-08-12T09:08:30,nan,nan,nan,0.0,0.0,0.0,nan,nan,nan
2022-08-12T09:09:00,nan,nan,nan,0.0,0.0,0.0,nan,nan,nan
2022-08-12T09:09:30,nan,nan,nan,0.0,0.0,0.0,nan,nan,nan
2022-08-12T09:10:00,nan,nan,nan,0.0,0.0,0.0,nan,nan,nan
2022-08-12T09:10:30,nan,nan,nan,0.0,0.0,0.0,nan,nan,nan
2022-08-12T09:11:00,nan,nan,nan,0.0,0.0,0.0,nan,nan,nan
2022-08-12T09:11:30,nan,nan,nan,0.0,0.0,0.0,nan,nan,nan
2022-08-12T09:12:00,nan,nan,nan,0.0,0.0,0.0,nan,nan,nan
2022-08-12T09:12:30,nan,nan,nan,0.0,0.0,0.0,nan,nan,nan
2022-08-12T09:13:00,nan,nan,nan,0.0,0.0,0.0,nan,nan,nan
2022-08-12T09:13:30,nan,nan,nan,0.0,0.0,0.0,nan,nan,nan
2022-08-12T09:14:00,nan,nan,nan,0.0,0.0,0.0,nan,nan,nan
2022-08-12T09:14:30,nan,nan,nan,0.0,0.0,0.0,nan,nan,nan
2022-08-12T09:15:00,nan,nan,nan,0.0,0.0,0.0,nan,nan,nan
2022-08-12T09:15:30,nan,nan,nan,0.0,0.0,0.0,nan,nan,nan
2022-08-12T09:16:00,nan,nan,nan,0.0,0.0,0.0,nan,nan,nan
2022-08-12T09:16:30,nan,nan,nan,0.0,0.0,0.0,nan,nan,nan
2022-08-12T09:17:00,nan,nan,nan,0.0,0.0,0.0,nan,nan,nan
2022-08-12T09:17:30,nan,nan,nan,0.0,0.0,0.0,nan,nan,nan
2022-08-12T09:18:00,nan,nan,nan,0.0,0.0,0.0,nan,nan,nan
2022-08-12T09:18:30,nan,nan,nan,0.0,0.0,0.0,nan,nan,nan
2022-08-12T09:19:00,nan,nan,nan,0.0,0.0,0.0,nan,nan,nan
2022-08-12T09:19:30,nan,nan,nan,0.0,0.0,0.0,nan,nan,nan
2022-08-12T09:20:00,nan,nan,nan,0.0,0.0,0.0,nan,nan,nan
2022-08-12T09:20:30,nan,nan,nan,0.0,0.0,0.0,nan,nan,nan
2022-08-12T09:21:00,nan,nan,nan,0.0,0.0,0.0,nan,nan,nan
2022-08-12T09:21:30,nan,nan,nan,0.0,0.0,0.0,nan,nan,nan
2022-08-12T09:22:00,nan,nan,nan,0.0,0.0,0.0,nan,nan,nan
2022-08-12T09:22:30,nan,nan,nan,0.0,0.0,0.0,nan,nan,nan
2022-08-12T09:23:00,nan,nan,nan,0.0,0.0,0.0,nan,nan,nan
2022-08-12T09:23:30,nan,nan,nan,0.0,0.0,0.0,nan,nan,nan
2022-08-12T09:24:00,nan,nan,nan,0.0,0.0,0.0,nan,nan,nan
2022-08-12T09:24:30,nan,nan,nan,0.0,0.0,0.0,nan,nan,nan
2022-08-12T09:25:00,nan,nan,nan,0.0,0.0,0.0,nan,nan,nan
2022-08-12T09:25:30,nan,nan,nan,0.0,0.0,0.0,nan,nan,nan
2022-08-12T09:26:00,nan,nan,nan,0.0,0.0,0.0,nan,nan,nan
2022-08-12T09:26:30,nan,nan,nan,0.0,0.0,0.0,nan,nan,nan
2022-08-12T09:27:00,nan,nan,nan,0.0,0.0,0.0,nan,nan,nan
2022-08-12T09:27:30,nan,nan,nan,0.0,0.0,0.0,nan,nan,nan
2022-08-12T09:28:00,nan,nan,nan,0.0,0.0,0.0,nan,nan,nan
2022-08-12T09:28:30,nan,nan,nan,0.0,0.0,0.0,nan,nan,nan
2022-08-12T09:29:00,nan,nan,nan,0.0,0.0,0.0,nan,nan,nan
2022-08-12T09:29:30,nan,nan,nan,0.0,0.0,0.0,nan,nan,nan
2022-08-12T09:30:00,nan,nan,nan,0.0,0.0,0.0,nan,nan,nan
2022-08-12T09:30:30,nan,nan,nan,0.0,0.0,0.0,nan,nan,nan
2022-08-12T09:31:00,nan,nan,nan,0.0,0.0,0.0,nan,nan,nan
2022-08-12T09:31:30,nan,nan,nan,0.0,0.0,0.0,nan,nan,nan
2022-08-12T09:32:00,nan,nan,nan,0.0,0.0,0.0,nan,nan,nan
2022-08-12T09:32:30,nan,nan,nan,0.0,0.0,0.0,nan,nan,nan
2022-08-12T09:33:00,nan,nan,nan,0.0,0.0,0.0,nan,nan,nan
2022-08-12T09:33:30,nan,nan,nan,0.0,0.0,0.0,nan,nan,nan
2022-08-12T09:34:00,nan,nan,nan,0.0,0.0,0.0,nan,nan,nan
2022-08-12T09:34:30,nan,nan,nan,0.0,0.0,0.0,nan,nan,nan
2022-08-12T09:35:00,nan,nan,nan,0.0,0.0,0.0,nan,nan,nan
2022-08-12T09:35:30,nan,nan,nan,0.0,0.0,0.0,nan,nan,nan
2022-08-12T09:36:00,nan,nan,nan,0.0,0.0,0.0,nan,nan,nan
2022-08-12T09:36:30,nan,nan,nan,0.0,0.0,0.0,nan,nan,nan
2022-08-12T09:37:00,nan,nan,nan,0.0,0.0,0.0,nan,nan,nan
2022-08-12T09:37:30,nan,nan,nan,0.0,0.0,0.0,nan,nan,nan
2022-08-12T09:38:00,nan,nan,nan,0.0,0.0,0.0,nan,nan,nan
2022-08-12T09:38:30,nan,nan,nan,0.0,0.0,0.0,nan,nan,nan
2022-08-12T09:39:00,nan,nan,nan,0.0,0.0,0.0,nan,nan,nan
2022-08-12T09:39:30,nan,nan,nan,0.0,0.0,0.0,nan,nan,nan
2022-08-12T09:40:00,nan,nan,nan,0.0,0.0,0.0,nan,nan,nan
2022-08-12T09:40:30,nan,nan,nan,0.0,0.0,0.0,nan,nan,nan
2022-08-12T09:41:00,nan,nan,nan,0.0,0.0,0.0,nan,nan,nan
2022-08-12T09:41:30,nan,nan,nan,0.0,0.0,0.0,nan,nan,nan
2022-08-12T09:42:00,nan,nan,nan,0.0,0.0,0.0,nan,nan,nan
2022-08-12T09:42:30,nan,nan,nan,0.0,0.0,0.0,nan,nan,nan
2022-08-12T09:43:00,nan,nan,nan,0.0,0.0,0.0,nan,nan,nan
2022-08-12T09:43:30,nan,nan,nan,0.0,0.0,0.0,nan,nan,nan
2022-08-12T09:44:00,nan,nan,nan,0.0,0.0,0.0,nan,nan,nan
2022-08-12T09:44:30,nan,nan,nan,0.0,0.0,0.0,nan,nan,nan
2022-08-12T09:45:00,nan,nan,nan,0.0,0.0,0.0,nan,nan,nan
2022-08-12T09:45:30,nan,nan,nan,0.0,0.0,0.0,nan,nan,nan
2022-08-12T09:46:00,nan,nan,nan,0.0,0.0,0.0,nan,nan,nan
2022-08-12T09:46:30,nan,nan,nan,0.0,0.0,0.0,nan,nan,nan
2022-08-12T09:47:00,nan,nan,nan,0.0,0.0,0.0,nan,nan,nan
2022-08-12T09:47:30,nan,nan,nan,0.0,0.0,0.0,nan,nan,nan
2022-08-12T09:48:00,nan,nan,nan,0.0,0.0,0.0,nan,nan,nan
2022-08-12T09:48:30,nan,nan,nan,0.0,0.0,0.0,nan,nan,nan
2022-08-12T09:49:00,nan,nan,nan,0.0,0.0,0.0,nan,nan,nan
2022-08-12T09:49:30,nan,nan,nan,0.0,0.0,0.0,nan,nan,nan
2022-08-12T09:50:00,nan,nan,nan,0.0,0.0,0.0,nan,nan,nan
2022-08-12T09:50:30,nan,nan,nan,0.0,0.0,0.0,nan,nan,nan
2022-08-12T09:51:00,nan,nan,nan,0.0,0.0,0.0,nan,nan,nan
2022-08-12T09:51:30,nan,nan,nan,0.0,0.0,0.0,nan,nan,nan
2022-08-12T09:52:00,nan,nan,nan,0.0,0.0,0.0,nan,nan,nan
2022-08-12T09:52:30,nan,nan,nan,0.0,0.0,0.0,nan,nan,nan
2022-08-12T09:53:00,nan,nan,nan,0.0,0.0,0.0,nan,nan,nan
2022-08-12T09:53:30,nan,nan,nan,0.0,0.0,0.0,nan,nan,nan
2022-08-12T09:54:00,nan,nan,nan,0.0,0.0,0.0,nan,nan,nan
2022-08-12T09:54:30,nan,nan,nan,0.0,0.0,0.0,nan,nan,nan
2022-08-12T09:55:00,nan,nan,nan,0.0,0.0,0.0,nan,nan,nan
2022-08-12T09:55:30,nan,nan,nan,0.0,0.0,0.0,nan,nan,nan
2022-08-12T09:56:00,nan,nan,nan,0.0,0.0,0.0,nan,nan,nan
2022-08-12T09:56:30,nan,nan,nan,0.0,0.0,0.0,nan,nan,nan
2022-08-12T09:57:00,nan,nan,nan,0.0,0.0,0.0,nan,nan,nan
2022-08-12T09:57:30,nan,nan,nan,0.0,0.0,0.0,nan,nan,nan
2022-08-12T09:58:00,nan,nan,nan,0.0,0.0,0.0,nan,nan,nan
2022-08-12T09:58:30,nan,nan,nan,0.0,0.0,0.0,nan,nan,nan
2022-08-12T09:59:00,nan,nan,nan,0.0,0.0,0.0,nan,nan,nan
2022-08-12T09:59:30,nan,nan,nan,0.0,0.0,0.0,nan,nan,nan
2022-08-12T10:00:00,nan,nan,nan,0.0,0.0,0.0,nan,nan,nan
2022-08-12T10:00:30,nan,nan,nan,0.0,0.0,0.0,nan,nan,nan
2022-08-12T10:01:00,nan,nan,nan,0.0,0.0,0.0,nan,nan,nan
2022-08-12T10:01:30,nan,nan,nan,0.0,0.0,0.0,nan,nan,nan
2022-08-12T10:02:00,nan,nan,nan,0.0,0.0,0.0,nan,nan,nan
2022-08-12T10:02:30,nan,nan,nan,0.0,0.0,0.0,nan,nan,nan
2022-08-12T10:03:00,nan,nan,nan,0.0,0.0,0.0,nan,nan,nan
2022-08-12T10:03:30,nan,nan,nan,0.0,0.0,0.0,nan,nan,nan
2022-08-12T10:04:00,nan,nan,nan,0.0,0.0,0.0,nan,nan,nan
2022-08-12T10:04:30,nan,nan,nan,0.0,0.0,0.0,nan,nan,nan
2022-08-12T10:05:00,nan,nan,nan,0.0,0.0,0.0,nan,nan,nan
2022-08-12T10:05:30,nan,nan,nan,0.0,0.0,0.0,nan,nan,nan
2022-08-12T10:06:00,nan,nan,nan,0.0,0.0,0.0,nan,nan,nan
2022-08-12T10:06:30,nan,nan,nan,0.0,0.0,0.0,nan,nan,nan
2022-08-12T10:07:00,nan,nan,nan,0.0,0.0,0.0,nan,nan,nan
2022-08-12T10:07:30,nan,nan,nan,0.0,0.0,0.0,nan,nan,nan
2022-08-12T10:08:00,nan,nan,nan,0.0,0.0,0.0,nan,nan,nan
2022-08-12T10:08:30,nan,nan,nan,0.0,0.0,0.0,nan,nan,nan
2022-08-12T10:09:00,nan,nan,nan,0.0,0.0,0.0,nan,nan,nan
2022-08-12T10:09:30,nan,nan,nan,0.0,0.0,0.0,nan,nan,nan
2022-08-12T10:10:00,nan,nan,nan,0.0,0.0,0.0,nan,nan,nan
2022-08-12T10:10:30,nan,nan,nan,0.0,0.0,0.0,nan,nan,nan
2022-08-12T10:11:00,nan,nan,nan,0.0,0.0,0.0,nan,nan,nan
2022-08-12T10:11:30,nan,nan,nan,0.0,0.0,0.0,nan,nan,nan
2022-08-12T10:12:00,nan,nan,nan,0.0,0.0,0.0,nan,nan,nan
2022-08-12T10:12:30,nan,nan,nan,0.0,0.0,0.0,nan,nan,nan
2022-08-12T10:13:00,nan,nan,nan,0.0,0.0,0.0,nan,nan,nan
2022-08-12T10:13:30,nan,nan,nan,0.0,0.0,0.0,nan,nan,nan
2022-08-12T10:14:00,nan,nan,nan,0.0,0.0,0.0,nan,nan,nan
2022-08-12T10:14:30,nan,nan,nan,0.0,0.0,0.0,nan,nan,nan
2022-08-12T10:15:00,nan,nan,nan,0.0,0.0,0.0,nan,nan,nan
2022-08-12T10:15:30,nan,nan,nan,0.0,0.0,0.0,nan,nan,nan
2022-08-12T10:16:00,nan,nan,nan,0.0,0.0,0.0,nan,nan,nan
2022-08-12T10:16:30,nan,nan,nan,0.0,0.0,0.0,nan,nan,nan
2022-08-12T10:17:00,nan,nan,nan,0.0,0.0,0.0,nan,nan,nan
2022-08-12T10:17:30,nan,nan,nan,0.0,0.0,0.0,nan,nan,nan
2022-08-12T10:18:00,nan,nan,nan,0.0,0.0,0.0,nan,nan,nan
2022-08-12T10:18:30,nan,nan,nan,0.0,0.0,0.0,nan,nan,nan
2022-08-12T10:19:00,nan,nan,nan,0.0,0.0,0.0,nan,nan,nan
2022-08-12T10:19:30,nan,nan,nan,0.0,0.0,0.0,nan,nan,nan
2022-08-12T10:20:00,nan,nan,nan,0.0,0.0,0.0,nan,nan,nan
2022-08-12T10:20:30,nan,nan,nan,0.0,0.0,0.0,nan,nan,nan
2022-08-12T10:21:00,nan,nan,nan,0.0,0.0,0.0,nan,nan,nan
2022-08-12T10:21:30,nan,nan,nan,0.0,0.0,0.0,nan,nan,nan
2022-08-12T10:22:00,nan,nan,nan,0.0,0.0,0.0,nan,nan,nan
2022-08-12T10:22:30,nan,nan,nan,0.0,0.0,0.0,nan,nan,nan
2022-08-12T10:23:00,nan,nan,nan,0.0,0.0,0.0,nan,nan,nan
2022-08-12T10:23:30,nan,nan,nan,0.0,0.0,0.0,nan,nan,nan
2022-08-12T10:24:00,nan,nan,nan,0.0,0.0,0.0,nan,nan,nan
2022-08-12T10:24:30,nan,nan,nan,0.0,0.0,0.0,nan,nan,nan
2022-08-12T10:25:00,nan,nan,nan,0.0,0.0,0.0,nan,nan,nan
2022-08-12T10:25:30,nan,nan,nan,0.0,0.0,0.0,nan,nan,nan
2022-08-12T10:26:00,nan,nan,nan,0.0,0.0,0.0,nan,nan,nan
2022-08-12T10:26:30,nan,nan,nan,0.0,0.0,0.0,nan,nan,nan
2022-08-12T10:27:00,nan,nan,nan,0.0,0.0,0.0,nan,nan,nan
2022-08-12T10:27:30,nan,nan,nan,0.0,0.0,0.0,nan,nan,nan
2022-08-12T10:28:00,nan,nan,nan,0.0,0.0,0.0,nan,nan,nan
2022-08-12T10:28:30,nan,nan,nan,0.0,0.0,0.0,nan,nan,nan
2022-08-12T10:29:00,nan,nan,nan,0.0,0.0,0.0,nan,nan,nan
2022-08-12T10:29:30,nan,nan,nan,0.0,0.0,0.0,nan,nan,nan
2022-08-12T10:30:00,nan,nan,nan,0.0,0.0,0.0,nan,nan,nan
2022-08-12T10:30:30,nan,nan,nan,0.0,0.0,0.0,nan,nan,nan
2022-08-12T10:31:00,nan,nan,nan,0.0,0.0,0.0,nan,nan,nan
2022-08-12T10:31:30,nan,nan,nan,0.0,0.0,0.0,nan,nan,nan
2022-08-12T10:32:00,nan,nan,nan,0.0,0.0,0.0,nan,nan,nan
2022-08-12T10:32:30,nan,nan,nan,0.0,0.0,0.0,nan,nan,nan
2022-08-12T10:33:00,nan,nan,nan,0.0,0.0,0.0,nan,nan,nan
2022-08-12T10:33:30,nan,nan,nan,0.0,0.0,0.0,nan,nan,nan
2022-08-12T10:34:00,nan,nan,nan,0.0,0.0,0.0,nan,nan,nan
2022-08-12T10:34:30,nan,nan,nan,0.0,0.0,0.0,nan,nan,nan
2022-08-12T10:35:00,nan,nan,nan,0.0,0.0,0.0,nan,nan,nan
2022-08-12T10:35:30,nan,nan,nan,0.0,0.0,0.0,nan,nan,nan
2022-08-12T10:36:00,nan,nan,nan,0.0,0.0,0.0,nan,nan,nan
2022-08-12T10:36:30,nan,nan,nan,0.0,0.0,0.0,nan,nan,nan
2022-08-12T10:37:00,nan,nan,nan,0.0,0.0,0.0,nan,nan,nan
2022-08-12T10:37:30,nan,nan,nan,0.0,0.0,0.0,nan,nan,nan
2022-08-12T10:38:00,nan,nan,nan,0.0,0.0,0.0,nan,nan,nan
2022-08-12T10:38:30,nan,nan,nan,0.0,0.0,0.0,nan,nan,nan
2022-08-12T10:39:00,nan,nan,nan,0.0,0.0,0.0,nan,nan,nan
2022-08-12T10:39:30,nan,nan,nan,0.0,0.0,0.0,nan,nan,nan
2022-08-12T10:40:00,nan,nan,nan,0.0,0.0,0.0,nan,nan,nan
2022-08-12T10:40:30,nan,nan,nan,0.0,0.0,0.0,nan,nan,nan
2022-08-12T10:41:00,nan,nan,nan,0.0,0.0,0.0,nan,nan,nan
2022-08-12T10:41:30,nan,nan,nan,0.0,0.0,0.0,nan,nan,nan
2022-08-12T10:42:00,nan,nan,nan,0.0,0.0,0.0,nan,nan,nan
2022-08-12T10:42:30,nan,nan,nan,0.0,0.0,0.0,nan,nan,nan
2022-08-12T10:43:00,nan,nan,nan,0.0,0.0,0.0,nan,nan,nan
2022-08-12T10:43:30,nan,nan,nan,0.0,0.0,0.0,nan,nan,nan
2022-08-12T10:44:00,nan,nan,nan,0.0,0.0,0.0,nan,nan,nan
2022-08-12T10:44:30,nan,nan,nan,0.0,0.0,0.0,nan,nan,nan
2022-08-12T10:45:00,nan,nan,nan,0.0,0.0,0.0,nan,nan,nan
2022-08-12T10:45:30,nan,nan,nan,0.0,0.0,0.0,nan,nan,nan
2022-08-12T10:46:00,nan,nan,nan,0.0,0.0,0.0,nan,nan,nan
2022-08-12T10:46:30,nan,nan,nan,0.0,0.0,0.0,nan,nan,nan
2022-08-12T10:47:00,nan,nan,nan,0.0,0.0,0.0,nan,nan,nan
2022-08-12T10:47:30,nan,nan,nan,0.0,0.0,0.0,nan,nan,nan
2022-08-12T10:48:00,nan,nan,nan,0.0,0.0,0.0,nan,nan,nan
2022-08-12T10:48:30,nan,nan,nan,0.0,0.0,0.0,nan,nan,nan
2022-08-12T10:49:00,nan,nan,nan,0.0,0.0,0.0,nan,nan,nan
2022-08-12T10:49:30,nan,nan,nan,0.0,0.0,0.0,nan,nan,nan
2022-08-12T10:50:00,nan,nan,nan,0.0,0.0,0.0,nan,nan,nan
2022-08-12T10:50:30,nan,nan,nan,0.0,0.0,0.0,nan,nan,nan
2022-08-12T10:51:00,nan,nan,nan,0.0,0.0,0.0,nan,nan,nan
2022-08-12T10:51:30,nan,nan,nan,0.0,0.0,0.0,nan,nan,nan
2022-08-12T10:52:00,nan,nan,nan,0.0,0.0,0.0,nan,nan,nan
2022-08-12T10:52:30,nan,nan,nan,0.0,0.0,0.0,nan,nan,nan
2022-08-12T10:53:00,nan,nan,nan,0.0,0.0,0.0,nan,nan,nan
2022-08-12T10:53:30,nan,nan,nan,0.0,0.0,0.0,nan,nan,nan
2022-08-12T10:54:00,nan,nan,nan,0.0,0.0,0.0,nan,nan,nan
2022-08-12T10:54:30,nan,nan,nan,0.0,0.0,0.0,nan,nan,nan
2022-08-12T10:55:00,nan,nan,nan,0.0,0.0,0.0,nan,nan,nan
2022-08-12T10:55:30,nan,nan,nan,0.0,0.0,0.0,nan,nan,nan
2022-08-12T10:56:00,nan,nan,nan,0.0,0.0,0.0,nan,nan,nan
2022-08-12T10:56:30,nan,nan,nan,0.0,0.0,0.0,nan,nan,nan
2022-08-12T10:57:00,nan,nan,nan,0.0,0.0,0.0,nan,nan,nan
2022-08-12T10:57:30,nan,nan,nan,0.0,0.0,0.0,nan,nan,nan
2022-08-12T10:58:00,nan,nan,nan,0.0,0.0,0.0,nan,nan,nan
2022-08-12T10:58:30,nan,nan,nan,0.0,0.0,0.0,nan,nan,nan
2022-08-12T10:59:00,nan,nan,nan,0.0,0.0,0.0,nan,nan,nan
2022-08-12T10:59:30,nan,nan,nan,0.0,0.0,0.0,nan,nan,nan
2022-08-12T11:00:00,nan,nan,nan,0.0,0.0,0.0,nan,nan,nan
2022-08-12T11:00:30,nan,nan,nan,0.0,0.0,0.0,nan,nan,nan
2022-08-12T11:01:00,nan,nan,nan,0.0,0.0,0.0,nan,nan,nan
2022-08-12T11:01:30,nan,nan,nan,0.0,0.0,0.0,nan,nan,nan
2022-08-12T11:02:00,nan,nan,nan,0.0,0.0,0.0,nan,nan,nan
2022-08-12T11:02:30,nan,nan,nan,0.0,0.0,0.0,nan,nan,nan
2022-08-12T11:03:00,nan,nan,nan,0.0,0.0,0.0,nan,nan,nan
2022-08-12T11:03:30,nan,nan,nan,0.0,0.0,0.0,nan,nan,nan
2022-08-12T11:04:00,nan,nan,nan,0.0,0.0,0.0,nan,nan,nan
2022-08-12T11:04:30,nan,nan,nan,0.0,0.0,0.0,nan,nan,nan
2022-08-12T11:05:00,nan,nan,nan,0.0,0.0,0.0,nan,nan,nan
2022-08-12T11:05:30,nan,nan,nan,0.0,0.0,0.0,nan,nan,nan
2022-08-12T11:06:00,nan,nan,nan,0.0,0.0,0.0,nan,nan,nan
2022-08-12T11:06:30,nan,nan,nan,0.0,0.0,0.0,nan,nan,nan
2022-08-12T11:07:00,nan,nan,nan,0.0,0.0,0.0,nan,nan,nan
2022-08-12T11:07:30,nan,nan,nan,0.0,0.0,0.0,nan,nan,nan
2022-08-12T11:08:00,nan,nan,nan,0.0,0.0,0.0,nan,nan,nan
2022-08-12T11:08:30,nan,nan,nan,0.0,0.0,0.0,nan,nan,nan
2022-08-12T11:09:00,nan,nan,nan,0.0,0.0,0.0,nan,nan,nan
2022-08-12T11:09:30,nan,nan,nan,0.0,0.0,0.0,nan,nan,nan
2022-08-12T11:10:00,nan,nan,nan,0.0,0.0,0.0,nan,nan,nan
2022-08-12T11:10:30,nan,nan,nan,0.0,0.0,0.0,nan,nan,nan
2022-08-12T11:11:00,nan,nan,nan,0.0,0.0,0.0,nan,nan,nan
2022-08-12T11:11:30,nan,nan,nan,0.0,0.0,0.0,nan,nan,nan
2022-08-12T11:12:00,nan,nan,nan,0.0,0.0,0.0,nan,nan,nan
2022-08-12T11:12:30,nan,nan,nan,0.0,0.0,0.0,nan,nan,nan
2022-08-12T11:13:00,nan,nan,nan,0.0,0.0,0.0,nan,nan,nan
2022-08-12T11:13:30,nan,nan,nan,0.0,0.0,0.0,nan,nan,nan
2022-08-12T11:14:00,nan,nan,nan,0.0,0.0,0.0,nan,nan,nan
2022-08-12T11:14:30,nan,nan,nan,0.0,0.0,0.0,nan,nan,nan
2022-08-12T11:15:00,nan,nan,nan,0.0,0.0,0.0,nan,nan,nan
2022-08-12T11:15:30,nan,nan,nan,0.0,0.0,0.0,nan,nan,nan
2022-08-12T11:16:00,nan,nan,nan,0.0,0.0,0.0,nan,nan,nan
2022-08-12T11:16:30,nan,nan,nan,0.0,0.0,0.0,nan,nan,nan
2022-08-12T11:17:00,nan,nan,nan,0.0,0.0,0.0,nan,nan,nan
2022-08-12T11:17:30,nan,nan,nan,0.0,0.0,0.0,nan,nan,nan
2022-08-12T11:18:00,nan,nan,nan,0.0,0.0,0.0,nan,nan,nan
2022-08-12T11:18:30,nan,nan,nan,0.0,0.0,0.0,nan,nan,nan
2022-08-12T11:19:00,nan,nan,nan,0.0,0.0,0.0,nan,nan,nan
2022-08-12T11:19:30,nan,nan,nan,0.0,0.0,0.0,nan,nan,nan
2022-08-12T11:20:00,nan,nan,nan,0.0,0.0,0.0,nan,nan,nan
2022-08-12T11:20:30,nan,nan,nan,0.0,0.0,0.0,nan,nan,nan
2022-08-12T11:21:00,nan,nan,nan,0.0,0.0,0.0,nan,nan,nan
2022-08-12T11:21:30,nan,nan,nan,0.0,0.0,0.0,nan,nan,nan
2022-08-12T11:22:00,nan,nan,nan,0.0,0.0,0.0,nan,nan,nan
2022-08-12T11:22:30,nan,nan,nan,0.0,0.0,0.0,nan,nan,nan
2022-08-12T11:23:00,nan,nan,nan,0.0,0.0,0.0,nan,nan,nan
2022-08-12T11:23:30,nan,nan,nan,0.0,0.0,0.0,nan,nan,nan
2022-08-12T11:24:00,nan,nan,nan,0.0,0.0,0.0,nan,nan,nan
2022-08-12T11:24:30,nan,nan,nan,0.0,0.0,0.0,nan,nan,nan
2022-08-12T11:25:00,nan,nan,nan,0.0,0.0,0.0,nan,nan,nan
2022-08-12T11:25:30,nan,nan,nan,0.0,0.0,0.0,nan,nan,nan
2022-08-12T11:26:00,nan,nan,nan,0.0,0.0,0.0,nan,nan,nan
2022-08-12T11:26:30,nan,nan,nan,0.0,0.0,0.0,nan,nan,nan
2022-08-12T11:27:00,nan,nan,nan,0.0,0.0,0.0,nan,nan,nan
2022-08-12T11:27:30,nan,nan,nan,0.0,0.0,0.0,nan,nan,nan
2022-08-12T11:28:00,nan,nan,nan,0.0,0.0,0.0,nan,nan,nan
2022-08-12T11:28:30,nan,nan,nan,0.0,0.0,0.0,nan,nan,nan
2022-08-12T11:29:00,nan,nan,nan,0.0,0.0,0.0,nan,nan,nan
2022-08-12T11:29:30,nan,nan,nan,0.0,0.0,0.0,nan,nan,nan
2022-08-12T11:30:00,nan,nan,nan,0.0,0.0,0.0,nan,nan,nan
2022-08-12T11:30:30,nan,nan,nan,0.0,0.0,0.0,nan,nan,nan
2022-08-12T11:31:00,nan,nan,nan,0.0,0.0,0.0,nan,nan,nan
2022-08-12T11:31:30,nan,nan,nan,0.0,0.0,0.0,nan,nan,nan
2022-08-12T11:32:00,nan,nan,nan,0.0,0.0,0.0,nan,nan,nan
2022-08-12T11:32:30,nan,nan,nan,0.0,0.0,0.0,nan,nan,nan
2022-08-12T11:33:00,nan,nan,nan,0.0,0.0,0.0,nan,nan,nan
2022-08-12T11:33:30,nan,nan,nan,0.0,0.0,0.0,nan,nan,nan
2022-08-12T11:34:00,nan,nan,nan,0.0,0.0,0.0,nan,nan,nan
2022-08-12T11:34:30,nan,nan,nan,0.0,0.0,0.0,nan,nan,nan
2022-08-12T11:35:00,nan,nan,nan,0.0,0.0,0.0,nan,nan,nan
2022-08-12T11:35:30,nan,nan,nan,0.0,0.0,0.0,nan,nan,nan
2022-08-12T11:36:00,nan,nan,nan,0.0,0.0,0.0,nan,nan,nan
2022-08-12T11:36:30,nan,nan,nan,0.0,0.0,0.0,nan,nan,nan
2022-08-12T11:37:00,nan,nan,nan,0.0,0.0,0.0,nan,nan,nan
2022-08-12T11:37:30,nan,nan,nan,0.0,0.0,0.0,nan,nan,nan
2022-08-12T11:38:00,nan,nan,nan,0.0,0.0,0.0,nan,nan,nan
2022-08-12T11:38:30,nan,nan,nan,0.0,0.0,0.0,nan,nan,nan
2022-08-12T11:39:00,nan,nan,nan,0.0,0.0,0.0,nan,nan,nan
2022-08-12T11:39:30,nan,nan,nan,0.0,0.0,0.0,nan,nan,nan
2022-08-12T11:40:00,nan,nan,nan,0.0,0.0,0.0,nan,nan,nan
2022-08-12T11:40:30,nan,nan,nan,0.0,0.0,0.0,nan,nan,nan
2022-08-12T11:41:00,nan,nan,nan,0.0,0.0,0.0,nan,nan,nan
2022-08-12T11:41:30,nan,nan,nan,0.0,0.0,0.0,nan,nan,nan
2022-08-12T11:42:00,nan,nan,nan,0.0,0.0,0.0,nan,nan,nan
2022-08-12T11:42:30,nan,nan,nan,0.0,0.0,0.0,nan,nan,nan
2022-08-12T11:43:00,nan,nan,nan,0.0,0.0,0.0,nan,nan,nan
2022-08-12T11:43:30,nan,nan,nan,0.0,0.0,0.0,nan,nan,nan
2022-08-12T11:44:00,nan,nan,nan,0.0,0.0,0.0,nan,nan,nan
2022-08-12T11:44:30,nan,nan,nan,0.0,0.0,0.0,nan,nan,nan
2022-08-12T11:45:00,nan,nan,nan,0.0,0.0,0.0,nan,nan,nan
2022-08-12T11:45:30,nan,nan,nan,0.0,0.0,0.0,nan,nan,nan
2022-08-12T11:46:00,nan,nan,nan,0.0,0.0,0.0,nan,nan,nan
2022-08-12T11:46:30,nan,nan,nan,0.0,0.0,0.0,nan,nan,nan
2022-08-12T11:47:00,nan,nan,nan,0.0,0.0,0.0,nan,nan,nan
2022-08-12T11:47:30,nan,nan,nan,0.0,0.0,0.0,nan,nan,nan
2022-08-12T11:48:00,nan,nan,nan,0.0,0.0,0.0,nan,nan,nan
2022-08-12T11:48:30,nan,nan,nan,0.0,0.0,0.0,nan,nan,nan
2022-08-12T11:49:00,nan,nan,nan,0.0,0.0,0.0,nan,nan,nan
2022-08-12T11:49:30,nan,nan,nan,0.0,0.0,0.0,nan,nan,nan
2022-08-12T11:50:00,nan,nan,nan,0.0,0.0,0.0,nan,nan,nan
2022-08-12T11:50:30,nan,nan,nan,0.0,0.0,0.0,nan,nan,nan
2022-08-12T11:51:00,nan,nan,nan,0.0,0.0,0.0,nan,nan,nan
2022-08-12T11:51:30,nan,nan,nan,0.0,0.0,0.0,nan,nan,nan
2022-08-12T11:52:00,nan,nan,nan,0.0,0.0,0.0,nan,nan,nan
2022-08-12T11:52:30,nan,nan,nan,0.0,0.0,0.0,nan,nan,nan
2022-08-12T11:53:00,nan,nan,nan,0.0,0.0,0.0,nan,nan,nan
2022-08-12T11:53:30,nan,nan,nan,0.0,0.0,0.0,nan,nan,nan
2022-08-12T11:54:00,nan,nan,nan,0.0,0.0,0.0,nan,nan,nan
2022-08-12T11:54:30,nan,nan,nan,0.0,0.0,0.0,nan,nan,nan
2022-08-12T11:55:00,nan,nan,nan,0.0,0.0,0.0,nan,nan,nan
2022-08-12T11:55:30,nan,nan,nan,0.0,0.0,0.0,nan,nan,nan
2022-08-12T11:56:00,nan,nan,nan,0.0,0.0,0.0,nan,nan,nan
2022-08-12T11:56:30,nan,nan,nan,0.0,0.0,0.0,nan,nan,nan
2022-08-12T11:57:00,nan,nan,nan,0.0,0.0,0.0,nan,nan,nan
2022-08-12T11:57:30,nan,nan,nan,0.0,0.0,0.0,nan,nan,nan
2022-08-12T11:58:00,nan,nan,nan,0.0,0.0,0.0,nan,nan,nan
2022-08-12T11:58:30,nan,nan,nan,0.0,0.0,0.0,nan,nan,nan
2022-08-12T11:59:00,nan,nan,nan,0.0,0.0,0.0,nan,nan,nan
2022-08-12T11:59:30,nan,nan,nan,0.0,0.0,0.0,nan,nan,nan
2022-08-12T12:00:00,nan,nan,nan,0.0,0.0,0.0,nan,nan,nan
2022-08-12T12:00:30,nan,nan,nan,0.0,0.0,0.0,nan,nan,nan
2022-08-12T12:01:00,nan,nan,nan,0.0,0.0,0.0,nan,nan,nan
2022-08-12T12:01:30,nan,nan,nan,0.0,0.0,0.0,nan,nan,nan
2022-08-12T12:02:00,nan,nan,nan,0.0,0.0,0.0,nan,nan,nan
2022-08-12T12:02:30,nan,nan,nan,0.0,0.0,0.0,nan,nan,nan
2022-08-12T12:03:00,nan,nan,nan,0.0,0.0,0.0,nan,nan,nan
2022-08-12T12:03:30,nan,nan,nan,0.0,0.0,0.0,nan,nan,nan
2022-08-12T12:04:00,nan,nan,nan,0.0,0.0,0.0,nan,nan,nan
2022-08-12T12:04:30,nan,nan,nan,0.0,0.0,0.0,nan,nan,nan
2022-08-12T12:05:00,nan,nan,nan,0.0,0.0,0.0,nan,nan,nan
2022-08-12T12:05:30,nan,nan,nan,0.0,0.0,0.0,nan,nan,nan
2022-08-12T12:06:00,nan,nan,nan,0.0,0.0,0.0,nan,nan,nan
2022-08-12T12:06:30,nan,nan,nan,0.0,0.0,0.0,nan,nan,nan
2022-08-12T12:07:00,nan,nan,nan,0.0,0.0,0.0,nan,nan,nan
2022-08-12T12:07:30,nan,nan,nan,0.0,0.0,0.0,nan,nan,nan
2022-08-12T12:08:00,nan,nan,nan,0.0,0.0,0.0,nan,nan,nan
2022-08-12T12:08:30,nan,nan,nan,0.0,0.0,0.0,nan,nan,nan
2022-08-12T12:09:00,nan,nan,nan,0.0,0.0,0.0,nan,nan,nan
2022-08-12T12:09:30,nan,nan,nan,0.0,0.0,0.0,nan,nan,nan
2022-08-12T12:10:00,nan,nan,nan,0.0,0.0,0.0,nan,nan,nan
2022-08-12T12:10:30,nan,nan,nan,0.0,0.0,0.0,nan,nan,nan
2022-08-12T12:11:00,nan,nan,nan,0.0,0.0,0.0,nan,nan,nan
2022-08-12T12:11:30,nan,nan,nan,0.0,0.0,0.0,nan,nan,nan
2022-08-12T12:12:00,nan,nan,nan,0.0,0.0,0.0,nan,nan,nan
2022-08-12T12:12:30,nan,nan,nan,0.0,0.0,0.0,nan,nan,nan
2022-08-12T12:13:00,nan,nan,nan,0.0,0.0,0.0,nan,nan,nan
2022-08-12T12:13:30,nan,nan,nan,0.0,0.0,0.0,nan,nan,nan
2022-08-12T12:14:00,nan,nan,nan,0.0,0.0,0.0,nan,nan,nan
2022-08-12T12:14:30,nan,nan,nan,0.0,0.0,0.0,nan,nan,nan
2022-08-12T12:15:00,nan,nan,nan,0.0,0.0,0.0,nan,nan,nan
2022-08-12T12:15:30,nan,nan,nan,0.0,0.0,0.0,nan,nan,nan
2022-08-12T12:16:00,nan,nan,nan,0.0,0.0,0.0,nan,nan,nan
2022-08-12T12:16:30,nan,nan,nan,0.0,0.0,0.0,nan,nan,nan
2022-08-12T12:17:00,nan,nan,nan,0.0,0.0,0.0,nan,nan,nan
2022-08-12T12:17:30,nan,nan,nan,0.0,0.0,0.0,nan,nan,nan
2022-08-12T12:18:00,nan,nan,nan,0.0,0.0,0.0,nan,nan,nan
2022-08-12T12:18:30,nan,nan,nan,0.0,0.0,0.0,nan,nan,nan
2022-08-12T12:19:00,nan,nan,nan,0.0,0.0,0.0,nan,nan,nan
2022-08-12T12:19:30,nan,nan,nan,0.0,0.0,0.0,nan,nan,nan
2022-08-12T12:20:00,nan,nan,nan,0.0,0.0,0.0,nan,nan,nan
2022-08-12T12:20:30,nan,nan,nan,0.0,0.0,0.0,nan,nan,nan
2022-08-12T12:21:00,nan,nan,nan,0.0,0.0,0.0,nan,nan,nan
2022-08-12T12:21:30,nan,nan,nan,0.0,0.0,0.0,nan,nan,nan
2022-08-12T12:22:00,nan,nan,nan,0.0,0.0,0.0,nan,nan,nan
2022-08-12T12:22:30,nan,nan,nan,0.0,0.0,0.0,nan,nan,nan
2022-08-12T12:23:00,nan,nan,nan,0.0,0.0,0.0,nan,nan,nan
2022-08-12T12:23:30,nan,nan,nan,0.0,0.0,0.0,nan,nan,nan
2022-08-12T12:24:00,nan,nan,nan,0.0,0.0,0.0,nan,nan,nan
2022-08-12T12:24:30,nan,nan,nan,0.0,0.0,0.0,nan,nan,nan
2022-08-12T12:25:00,nan,nan,nan,0.0,0.0,0.0,nan,nan,nan
2022-08-12T12:25:30,nan,nan,nan,0.0,0.0,0.0,nan,nan,nan
2022-08-12T12:26:00,nan,nan,nan,0.0,0.0,0.0,nan,nan,nan
2022-08-12T12:26:30,nan,nan,nan,0.0,0.0,0.0,nan,nan,nan
2022-08-12T12:27:00,nan,nan,nan,0.0,0.0,0.0,nan,nan,nan
2022-08-12T12:27:30,nan,nan,nan,0.0,0.0,0.0,nan,nan,nan
2022-08-12T12:28:00,nan,nan,nan,0.0,0.0,0.0,nan,nan,nan
2022-08-12T12:28:30,nan,nan,nan,0.0,0.0,0.0,nan,nan,nan
2022-08-12T12:29:00,nan,nan,nan,0.0,0.0,0.0,nan,nan,nan
2022-08-12T12:29:30,nan,nan,nan,0.0,0.0,0.0,nan,nan,nan
2022-08-12T12:30:00,nan,nan,nan,0.0,0.0,0.0,nan,nan,nan
2022-08-12T12:30:30,nan,nan,nan,0.0,0.0,0.0,nan,nan,nan
2022-08-12T12:31:00,nan,nan,nan,0.0,0.0,0.0,nan,nan,nan
2022-08-12T12:31:30,nan,nan,nan,0.0,0.0,0.0,nan,nan,nan
2022-08-12T12:32:00,nan,nan,nan,0.0,0.0,0.0,nan,nan,nan
2022-08-12T12:32:30,nan,nan,nan,0.0,0.0,0.0,nan,nan,nan
2022-08-12T12:33:00,nan,nan,nan,0.0,0.0,0.0,nan,nan,nan
2022-08-12T12:33:30,nan,nan,nan,0.0,0.0,0.0,nan,nan,nan
2022-08-12T12:34:00,nan,nan,nan,0.0,0.0,0.0,nan,nan,nan
2022-08-12T12:34:30,nan,nan,nan,0.0,0.0,0.0,nan,nan,nan
2022-08-12T12:35:00,nan,nan,nan,0.0,0.0,0.0,nan,nan,nan
2022-08-12T12:35:30,nan,nan,nan,0.0,0.0,0.0,nan,nan,nan
2022-08-12T12:36:00,nan,nan,nan,0.0,0.0,0.0,nan,nan,nan
2022-08-12T12:36:30,nan,nan,nan,0.0,0.0,0.0,nan,nan,nan
2022-08-12T12:37:00,nan,nan,nan,0.0,0.0,0.0,nan,nan,nan
2022-08-12T12:37:30,nan,nan,nan,0.0,0.0,0.0,nan,nan,nan
2022-08-12T12:38:00,nan,nan,nan,0.0,0.0,0.0,nan,nan,nan
2022-08-12T12:38:30,nan,nan,nan,0.0,0.0,0.0,nan,nan,nan
2022-08-12T12:39:00,nan,nan,nan,0.0,0.0,0.0,nan,nan,nan
2022-08-12T12:39:30,nan,nan,nan,0.0,0.0,0.0,nan,nan,nan
2022-08-12T12:40:00,nan,nan,nan,0.0,0.0,0.0,nan,nan,nan
2022-08-12T12:40:30,nan,nan,nan,0.0,0.0,0.0,nan,nan,nan
2022-08-12T12:41:00,nan,nan,nan,0.0,0.0,0.0,nan,nan,nan
2022-08-12T12:41:30,nan,nan,nan,0.0,0.0,0.0,nan,nan,nan
2022-08-12T12:42:00,nan,nan,nan,0.0,0.0,0.0,nan,nan,nan
2022-08-12T12:42:30,nan,nan,nan,0.0,0.0,0.0,nan,nan,nan
2022-08-12T12:43:00,nan,nan,nan,0.0,0.0,0.0,nan,nan,nan
2022-08-12T12:43:30,nan,nan,nan,0.0,0.0,0.0,nan,nan,nan
2022-08-12T12:44:00,nan,nan,nan,0.0,0.0,0.0,nan,nan,nan
2022-08-12T12:44:30,nan,nan,nan,0.0,0.0,0.0,nan,nan,nan
2022-08-12T12:45:00,nan,nan,nan,0.0,0.0,0.0,nan,nan,nan
2022-08-12T12:45:30,nan,nan,nan,0.0,0.0,0.0,nan,nan,nan
2022-08-12T12:46:00,nan,nan,nan,0.0,0.0,0.0,nan,nan,nan
2022-08-12T12:46:30,nan,nan,nan,0.0,0.0,0.0,nan,nan,nan
2022-08-12T12:47:00,nan,nan,nan,0.0,0.0,0.0,nan,nan,nan
2022-08-12T12:47:30,nan,nan,nan,0.0,0.0,0.0,nan,nan,nan
2022-08-12T12:48:00,nan,nan,nan,0.0,0.0,0.0,nan,nan,nan
2022-08-12T12:48:30,nan,nan,nan,0.0,0.0,0.0,nan,nan,nan
2022-08-12T12:49:00,nan,nan,nan,0.0,0.0,0.0,nan,nan,nan
2022-08-12T12:49:30,nan,nan,nan,0.0,0.0,0.0,nan,nan,nan
2022-08-12T12:50:00,nan,nan,nan,0.0,0.0,0.0,nan,nan,nan
2022-08-12T12:50:30,nan,nan,nan,0.0,0.0,0.0,nan,nan,nan
2022-08-12T12:51:00,nan,nan,nan,0.0,0.0,0.0,nan,nan,nan
2022-08-12T12:51:30,nan,nan,nan,0.0,0.0,0.0,nan,nan,nan
2022-08-12T12:52:00,nan,nan,nan,0.0,0.0,0.0,nan,nan,nan
2022-08-12T12:52:30,nan,nan,nan,0.0,0.0,0.0,nan,nan,nan
2022-08-12T12:53:00,nan,nan,nan,0.0,0.0,0.0,nan,nan,nan
2022-08-12T12:53:30,nan,nan,nan,0.0,0.0,0.0,nan,nan,nan
2022-08-12T12:54:00,nan,nan,nan,0.0,0.0,0.0,nan,nan,nan
2022-08-12T12:54:30,nan,nan,nan,0.0,0.0,0.0,nan,nan,nan
2022-08-12T12:55:00,nan,nan,nan,0.0,0.0,0.0,nan,nan,nan
2022-08-12T12:55:30,nan,nan,nan,0.0,0.0,0.0,nan,nan,nan
2022-08-12T12:56:00,nan,nan,nan,0.0,0.0,0.0,nan,nan,nan
2022-08-12T12:56:30,nan,nan,nan,0.0,0.0,0.0,nan,nan,nan
2022-08-12T12:57:00,nan,nan,nan,0.0,0.0,0.0,nan,nan,nan
2022-08-12T12:57:30,nan,nan,nan,0.0,0.0,0.0,nan,nan,nan
2022-08-12T12:58:00,nan,nan,nan,0.0,0.0,0.0,nan,nan,nan
2022-08-12T12:58:30,nan,nan,nan,0.0,0.0,0.0,nan,nan,nan
2022-08-12T12:59:00,nan,nan,nan,0.0,0.0,0.0,nan,nan,nan
2022-08-12T12:59:30,nan,nan,nan,0.0,0.0,0.0,nan,nan,nan
